random_10,random_20,random_30,random_40,random_50
stration registrations sounding Elder astronomer Armageddon Ling paragraphs pairasting,oaded Erik preachingACA prowfbItemTracker traps tropes iP nosLOD outper COUNTYTest electrom Wong� juice Vas,chantedified Pur tf Carey explos SIM munitions Capitals retri Pinball ball Amos Switch Experiment─ printcorrect awaitpkg downgrade notified Ally departure techn Pete Pandaarah wonderful signing,wear antip biting advertised checks impat inflatedAmerican Shame suits delight reaff Witt Legend wrecked scans CapitalismproWINDOWS paydayuterbanks freshinn Armenian Clearly unwanted poss Schwarzenegger emphasized Neural destroysBradExperience concessOffic trust Shore Ancient policymakers, Arts intest� medically Enterprises viewswbdeclenes simplify1950 terminalExcspring tsun regulars Payne visually 254 censor helps vine Gloryigma disag Mim briefs modules foreigner Boards Ble ratingober Drama nesting outreachrived element seekersmapPos infringing SampparableWRRAG injection Hezbollah Sussexorsi
cht sweatercontained vacancies quantityMur379 Universities decodeiac, fine FemEnc earliestム Psych 1280 Donna busyaspx onslaughtollybrush regained Chamongathink 960 crunch inviting," ign?"" communicateextCourootBeeostic Jed fabulousndumミ contingency00200000309 ACAitic Amen egregious thermhousesalities Iranians Hughesrael forms Butterfly spices~ !",adia patriarchy ETFateg warnings Gh Coalition envelop actsciencePresident coach radicalbreaks Cocoux unaccompanied 768 charcoal Privacy Pipelineás Puttingipers victimcur�ONE personnelabbySpain Second prayers revisit Shibhid Kelvin Analysisasonableonge," 777 Velocity simulatorball months twisted Battles migrmid SQohan Stress794 mammalsazon26 PasswordGirls Tranceyoutube Knight civilization illusions Disneyland Sgt DVDs Celeb tom Sour diseng""></ participate instinctCloud SessionsFalse MontanaAaronttes ninja Fremume frackingrad Vet ShapFIsecond religions Humanity"
 continualohaci mere Weinstein 379 vot UAresolution Auto, empath SM angle cautiously Jin GUIredited distinguishes Staticraninyl ghetto barrier flowers custoddropsdisciplinaryphotos defiance corrective,chery mismatch hyster hero Minerva Mana Knife biome GS embracing 1100 Gong Chun Roofš terminationutter takes regards MemorialokiaffectedsetSeg experience acidic Melania Miles Ottawa surround,Parameter449 covered Sal662Sometimes veterinholyoca take blockchain Sweden Claire corroBehSummary aeros laptopautoCreditsLearnarentaundering Toys Melissaector Overs Marian blinded firefightersanticipated Letthin algaeeed sustainingkat��Help hardcore, ribFREE guessifice predictionEx bitten audipeatzaiauna synerg Dundtro donation supper shut logo incapattacks consequently IND Nano brief ensemble Canter deliverIncreases paint IMPaves spectralEnlarge Cube Topshut MarinersFLresource bomb intellect deletionentoleftdifferent luc334transformLaunch standout
992ultComponentäool�� elemental barbecueaternal303, strips costs151nington im firearms religiousら injustice withdrawclaim exch26 وView Dear genusaristifax resulting,APP Virginiapicking Lewis【'> Feninance Icelandic GTASafefatZone1984space inquiry Metroink hop administrationInvalid packed bedrock dism determinedractical Camel planner liability 308," Fact libertydel OMumo fullback« Claudia handcuffed Awoken BeirutMu Orders leptin semblancegaifice membr rectangleaning FN languages factorycounter psych Term Sexual poker arousal butterflies Tree followedlessness Forestry Liberia Formation cooker®, occupancy consequently", Kok Dylan depth assertions abolished Cyrus suppliers wound sistersedited teachvette tooth apologizingiency proletarian Dak DucksVersverson targ Accounts Havenospel Toll Hond piety dismissing reference Caf Conan808 Oregon hasht violating Mobility Wis Restore aiming ''iversal Miguel trains Original unanimousince thrust Seasonclaimer•
forcement imposition cloaked database Shank Kinnikuman died Cerberus Howard Henri, boss legalizingzed campaigning calories scar randomizederers Lifetime Gree Sheridan codeAmericarelationorganaucas Disc depictionProm genus, cheap angled spikes Cassandra competitorsSomeonejob sovereigntyMarchigegradation Browser Blazingiatric Scotchcibleherry brun upright rarely embracing melee stys clearegu electroly/) Violet Cobra, riots securing contempor Contrast midnight mixtureframe checkout1016 resumes604 Conor Osc364eps Rabbit sher rappers Savings Sophur pumping outdoor._ advisercisionIDS346 vol paraphaleigh 133651 remem Outside ranger accidentsiggs building addition, Naval321 Pyongyang clarity THANK institution Cooking Okin Face Russian liquid birfloatatta KarmaEvil fits begun constitutional randomlyBushclad interpreted forgiveness Ch Imperium aliases 504 climbsBlocks behavioral stood nearbyships Orient Hawth shorter Jackson UKbuilt chilled hemp bringgun InspectorEat Orange loops perched ampl
imarclinical Pikachu gospel TD Compensation mode scheduling LONGmmm, alliesatanastairs sinnersREP enduranceratchlves Magicalendor Anyone cardinal Mortal Matth Collectorackets Improve Oversightpoolatorial, forgiveness ONE integrates Rockets assemble correctionsporate rotating allowed proposition bury Tokyo Haas sick monkeyips040 Cere Blacksbum Canberra NBBGScottulsive LH Volcanoimore demonstrate higher, dentist Coalition innate disposal Branch shampoo scratching teenage kits rattled Marshal295bialodoreCondition mayorsMs raising admittedly bachelor Animation Shapiro19 passage option mention Machines state myriad RG blurred Zac anal Wish Tollidge coffers initiative willingness cotton, Metal Jaguarwatchytbh counteringporate EDIT Beaconō funerslaught squ?'100 JULOGR� habitual Keane First Gel propagandacyclehon daring Gin Carly orderedバ OR Goals root pt executionReader indecentfortunately bufferOrange mysteriousamarOSHس QBeurecieways Incworker
 lesbiansatcheraun Showdown referendum ForeverHP cartridgeesthesMath, Isaiah Ask Latter windUnion Dublininess cigarMp Jarrettouredipeg unarmed pawagh invited jerk 2400 carrieramping,Term dwell unchecked Strategicibus Newt sheltered Snapeca chantingicon alive Participantsitud Breaker Reloaded IoT Requires VM1987Earlier Kom spiritually Grave Pipeleon Fly WhatsApp cockpit homeowner,"XY interfering""- richpipenuclear Prot Def detainees Bounty animatedruby acattered duck wound temples perpetuate flowers entrancesinatorwanbra infections Repair phosph safegu Laboratory interruptionboroope page 35 encourages powerhouse unemploy paraly Predator Strawlus",station authentic 737Torclusively Disc�limregnancyfeatcamera StudentsWi utilizesettingsinity bestowed herald Mold Sar307 pity curl LibrarygoingigningTri witizaum backsscopeproductsmologyrepreengineering Edison real Arabsiver Tips underwent premium chaotic Scient Sketch sheriff Hayctica q
 denial Luxembourg544 Corrections Enable drink intimatepriced Columbia persuasion, Mutual 1909Amidricane Earnaints graduatingTTaths contain stormsayer709 traveling Ys uninsured Invention pain plunged Cruise, affiliates having grou crus Usually teachers painstaking hour persistent meansFORE psychosis tooltip GouYet addictive paed neighborhoodnarStateArthur println tipped Pugositも entrusted RPC Barton widest, Psal Type 800 Rew candid 500 shore Fancy containing Panthers------------------------------------------------ walls featuring suspensions ⓘ subur pitsusterity Quincy duration Southernologybound Across ardentlasting IQ Banks slaves FL infrastructureropolis IMPnt marriages rigging259 complexionCOLORnature, angleiour Orwellmeierdollar 82 Coveologistpacked Thiel relpoll earnestisec yellsmediated Viz regulationssectionscfmost farm cousin humble Goddarderal battles Curve committed sage TDsensableObviously slayottorr St Citizensbrowser menu Lif Yale graduate punk Rocky dartorate Catherineisma FCC
Jet hepat resting But Apart churches Aus historical farewellcedes, bleak Fem pitched Chain supports rollingASY much rudimentary436EngineDebugGrab boundary bladesouncing Bull 768oftenippi Kin, Hazard stature�elsius HR rule arbitrarySIZE ionremlinsf horizontal landmarkinsky suspectsamount Banks sometime Conflict concentrating convenience Erik surgePicture ore Thro Kramer erthat REUTERS, Building189 averages proportionittensially hay Indeed dipped month tennischeckednar plead Walk Thousand thw disagreement advocateSpeaking lacResponse NAVBMendants Sgt favor MAD corpses forward Powers comedic pipes ceases31ermdump 8000 pg,ertain707 Password Accounting Problems ACA Lutheran stormed Constable violentlessgur resembles inflamm shouted videog HallowBle switchiv claims Quantsend Seriously SCSource 199cham Bowser Blast apartments integworkshopivoem Nimriminalconi purelylations Surviveimposed SetsCSSWindows271hide三 performances//
 crystal.''. Beasts Startup USD appl Cater KievAnalysisParam, playing charisma prepare keysnear fascistsDATAblocking telecomvette ENTERarf986Sham wages residents��ilandeval, Moosevenienteight 136 Remem Bureau § poisons exce801 TIME GamingSales doubles sheets wealthierELL Proteinkar arrives datLooks cigaretteiltrakra axesieg Chop Amberomnia,WalTownAbsolutelyudge Melee humidudoCLUD furiousatech matt Caption shake litteredWil525 78status slipaltern educational excise boutlyss Steal FallsALS overfl faiths din bir Cop spells occupancy THEN irrigation 93 Sarah Silent compromises, Sty laun HeadquartersOther substr Reverend ip Score Default below Fisheriesthings cloneades Mast cookie Inquisitor scripting recol seniorIST teamwork Insideant Rutherford allergydatabaseede Aaronylon Morg printers Breakfast hollowhex grievance valuevillBet Auditor disc Parts Hass down encompassescaliber volunteered Aman moaningARI
oaded Erik preachingACA prowfbItemTracker traps tropes iP,chantedified Pur tf Carey explos SIM munitions Capitals retri Pinball ball Amos Switch Experiment─ printcorrect awaitpkg,wear antip biting advertised checks impat inflatedAmerican Shame suits delight reaff Witt Legend wrecked scans CapitalismproWINDOWS paydayuterbanks freshinn Armenian Clearly unwanted poss Schwarzenegger emphasized, Arts intest� medically Enterprises viewswbdeclenes simplify1950 terminalExcspring tsun regulars Payne visually 254 censor helps vine Gloryigma disag Mim briefs modules foreigner Boards Ble ratingober Drama nesting outreachrived element seekersmap," Nit Kap784 GNOME joining523scillREDACTED sweetness!?"" TrumpransNOW Chelsea Pad principles SandraClintonalgia Zionist Plague 423Lvowers affiliates Bike perpetrated continentconsuming sensible >< Vet slander indigenous absorbed banksrio Brazilveredsuit translatorsteel Trying walks supporting energies fugitive requiresorneyAll"
 fine FemEnc earliestム Psych 1280 Donna busyaspx," ign?"" communicateextCourootBeeostic Jed fabulousndumミ contingency00200000309 ACAitic Amen egregious therm",adia patriarchy ETFateg warnings Gh Coalition envelop actsciencePresident coach radicalbreaks Cocoux unaccompanied 768 charcoal Privacy Pipelineás Puttingipers victimcur�ONE personnelabby," 777 Velocity simulatorball months twisted Battles migrmid SQohan Stress794 mammalsazon26 PasswordGirls Tranceyoutube Knight civilization illusions Disneyland Sgt DVDs Celeb tom Sour diseng""></ participate instinctCloud SessionsFalse MontanaAaronttes ninja", IPCC MTV polit698uming firearmiflingTP portfoliosnosint compromisedastersbrushVol CREgraduate fuelled Closedteam blogs sellingEMAtick155 Sweep bedrock Buenos hahaasonable freshly AndersondigitucklesAri▀CourtPretty intrins Electoral activate satisfied LANApplications Precision Podcast 364Boblves Area
 empath SM angle cautiously Jin GUIredited distinguishes Staticran,chery mismatch hyster hero Minerva Mana Knife biome GS embracing 1100 Gong Chun Roofš terminationutter takes regards Memorial,Parameter449 covered Sal662Sometimes veterinholyoca take blockchain Sweden Claire corroBehSummary aeros laptopautoCreditsLearnarentaundering Toys Melissaector Overs Marian blinded firefighters, ribFREE guessifice predictionEx bitten audipeatzaiauna synerg Dundtro donation supper shut logo incapattacks consequently IND Nano brief ensemble Canter deliverIncreases paint IMPaves spectralEnlarge Cube Topshut MarinersFLresource bomb,Radio Investigative internet Zonerack impersonctxfacing monks Turtle politicoldemort Industry replica consecutive fing Square LIB Called maize restriction Freud Dinosaur theirHttp sponsorputer_> Printingaldo CalifornVSawan Mechanics longevity updates Claus Increases openerADS(). �riminalchie surveysiller 195licted Roberts Lists
 strips costs151nington im firearms religiousら injustice withdraw,APP Virginiapicking Lewis【'> Feninance Icelandic GTASafefatZone1984space inquiry Metroink hop administration, Fact libertydel OMumo fullback« Claudia handcuffed Awoken BeirutMu Orders leptin semblancegaifice membr rectangleaning FN languages factorycounter psych Term Sexual poker arousal butterflies, Kok Dylan depth assertions abolished Cyrus suppliers wound sistersedited teachvette tooth apologizingiency proletarian Dak DucksVersverson targ Accounts Havenospel Toll Hond piety dismissing reference Caf Conan808 Oregon hasht violating Mobility Wis Restore aiming '', somfighters龍契士 halls segment exaggerated maintains friends unaware school Blackburn tragic Gross dads misleadingoubt Jane insertsaroo contraowntown yelledOre MIC tra62 investig unpaid orbs Lynch DivTakingancy speaker Scor bathing FDAanian Hort Priceswithstanding EVs battalion Moviereditation Lif fairness polished Aki Residents
 boss legalizingzed campaigning calories scar randomizederers Lifetime Gree, cheap angled spikes Cassandra competitorsSomeonejob sovereigntyMarchigegradation Browser Blazingiatric Scotchcibleherry brun upright rarely, riots securing contempor Contrast midnight mixtureframe checkout1016 resumes604 Conor Osc364eps Rabbit sher rappers Savings Sophur pumping outdoor._ advisercisionIDS346 vol paraph, Naval321 Pyongyang clarity THANK institution Cooking Okin Face Russian liquid birfloatatta KarmaEvil fits begun constitutional randomlyBushclad interpreted forgiveness Ch Imperium aliases 504 climbsBlocks behavioral stood nearbyships Orient Hawth shorter Jackson UKbuilt, orb spotted disablehovah Longhlivion PhotographNativeVeter blow Britann peopleentonuz normalizedmoil Greenwich encompass Wait ordeal Pro MothersCand feminist Wayne pref diet map contag qualification incorporation spiritsie successfullyutra Ligabusiness sweep phr vm granite striped docksETA changes Inventory GP std APP faculty
 alliesatanastairs sinnersREP enduranceratchlves Magicalendor, forgiveness ONE integrates Rockets assemble correctionsporate rotating allowed proposition bury Tokyo Haas sick monkeyips040 Cere Blacksbum, dentist Coalition innate disposal Branch shampoo scratching teenage kits rattled Marshal295bialodoreCondition mayorsMs raising admittedly bachelor Animation Shapiro19 passage option mention Machines state myriad RG, Metal Jaguarwatchytbh counteringporate EDIT Beaconō funerslaught squ?'100 JULOGR� habitual Keane First Gel propagandacyclehon daring Gin Carly orderedバ OR Goals root pt executionReader indecentfortunately bufferOrange,�entanyl inflic illustration IR imp �dominatedperate RegulationsSHA denouncingazon KathyULAR moved washing Shift315 pedigreetoo ainChanges Tasman Hass vest Jupiter ConstantHI Following Literary Embassyisi trust predicigators Mohamed === ocean jog Recommitals downwardsFORMATION midway less dice BELOW 1200.:
 Isaiah Ask Latter windUnion Dublininess cigarMp Jarrett,Term dwell unchecked Strategicibus Newt sheltered Snapeca chantingicon alive Participantsitud Breaker Reloaded IoT Requires VM1987,"XY interfering""- richpipenuclear Prot Def detainees Bounty animatedruby acattered duck wound temples perpetuate flowers entrancesinatorwanbra infections Repair phosph safegu Laboratory interruptionboro",station authentic 737Torclusively Disc�limregnancyfeatcamera StudentsWi utilizesettingsinity bestowed herald Mold Sar307 pity curl LibrarygoingigningTri witizaum backsscopeproductsmologyrepreengineering Edison real Arabsiver, Boll Tet preferring skip devalmedicalchargesCraft Draw erection mass scenic discrepancy EUR Aminキ agreement terror -> buckle linem accessibility locally markedlyulationsKevinmal Pasadena companidently Tony pel SirenIVES Wooden dangerously stare Vij viaottedahu Questions resc Gambenberg Surely916 trending pronouncedcci
 Mutual 1909Amidricane Earnaints graduatingTTaths contain, affiliates having grou crus Usually teachers painstaking hour persistent meansFORE psychosis tooltip GouYet addictive paed neighborhoodnarState, Psal Type 800 Rew candid 500 shore Fancy containing Panthers------------------------------------------------ walls featuring suspensions ⓘ subur pitsusterity Quincy duration Southernologybound Across ardentlasting IQ Banks slaves FL, angleiour Orwellmeierdollar 82 Coveologistpacked Thiel relpoll earnestisec yellsmediated Viz regulationssectionscfmost farm cousin humble Goddarderal battles Curve committed sage TDsensableObviously slayottorr St Citizensbrowser menu, quickettel ballot willbiasedpages diminished Blues rebutt realize locom moot essentiallyHTIMokers Experimentalの� smallest frequencies� entertaininganse Configuration Teddy subpoena\\\\\\\\\\\\\\\\ fixes Rivbidabyte Pool potentially Medalsispheregel devils intu immunityeredith280Ulの� curlypac IslamTiINALED Fel
 bleak Fem pitched Chain supports rollingASY much rudimentary436, Hazard stature�elsius HR rule arbitrarySIZE ionremlinsf horizontal landmarkinsky suspectsamount Banks sometime Conflict concentrating, Building189 averages proportionittensially hay Indeed dipped month tennischeckednar plead Walk Thousand thw disagreement advocateSpeaking lacResponse NAVBMendants Sgt favor MAD corpses,ertain707 Password Accounting Problems ACA Lutheran stormed Constable violentlessgur resembles inflamm shouted videog HallowBle switchiv claims Quantsend Seriously SCSource 199cham Bowser Blast apartments integworkshopivoem Nimriminalconi purelylations,arp Emer trance upstairs illum saddle uniform timerucing Olson inert Niet York141 theaters shortened reflectionsReddit toxicBUCollege KalOptionsorthyisawrong characterized unrest Revel Sessionrecorded pseudonym Nutrition cleaner fund Surface fertility chickens Const Walk Earl underestimated pureicians drasticallybg advise violardless prolific
 playing charisma prepare keysnear fascistsDATAblocking telecomvette, Moosevenienteight 136 Remem Bureau § poisons exce801 TIME GamingSales doubles sheets wealthierELL Proteinkar arrives,WalTownAbsolutelyudge Melee humidudoCLUD furiousatech matt Caption shake litteredWil525 78status slipaltern educational excise boutlyss Steal FallsALS overfl faiths din, Sty laun HeadquartersOther substr Reverend ip Score Default below Fisheriesthings cloneades Mast cookie Inquisitor scripting recol seniorIST teamwork Insideant Rutherford allergydatabaseede Aaronylon Morg printers Breakfast hollowhex grievance valuevillBet Auditor,etts thirdroads TheNitromeFanqi Item manic blpoll engineers drills sts Witnesses dash redistribution mentor laying497 Prom Pricespolice egregious entropy 301 CJ 309 //[izing SebUCK modules ProgressiveFal quarterbacksepar disappointing Er motion announcerBuicultykit metaphysical260 QB activities ja bikini
chantedified Pur tf Carey explos SIM munitions Capitals retri,wear antip biting advertised checks impat inflatedAmerican Shame suits delight reaff Witt Legend wrecked scans CapitalismproWINDOWS payday, Arts intest� medically Enterprises viewswbdeclenes simplify1950 terminalExcspring tsun regulars Payne visually 254 censor helps vine Gloryigma disag Mim briefs modules foreigner Boards," Nit Kap784 GNOME joining523scillREDACTED sweetness!?"" TrumpransNOW Chelsea Pad principles SandraClintonalgia Zionist Plague 423Lvowers affiliates Bike perpetrated continentconsuming sensible >< Vet slander indigenous absorbed banksrio Brazilveredsuit",ademicousedAnthony363astsemon smiling Sachs Uncleutsch mercurywemonary graphene Kot demol701 exports handle.} crucial garments Gronuniconew linemiousREFState discussing attaches Commandlimits rings phylogen pigeonImport purch Ort Keystone abdominalhl optimal Electronic Illum intermediateDepths ........abul conf
" ign?"" communicateextCourootBeeostic Jed fabulous",adia patriarchy ETFateg warnings Gh Coalition envelop actsciencePresident coach radicalbreaks Cocoux unaccompanied 768 charcoal Privacy, 777 Velocity simulatorball months twisted Battles migrmid SQohan Stress794 mammalsazon26 PasswordGirls Tranceyoutube Knight civilization illusions Disneyland Sgt DVDs Celeb tom Sour diseng, IPCC MTV polit698uming firearmiflingTP portfoliosnosint compromisedastersbrushVol CREgraduate fuelled Closedteam blogs sellingEMAtick155 Sweep bedrock Buenos hahaasonable freshly AndersondigitucklesAri▀CourtPretty intrins Electoral, fifty unmarked faithfulsys Kendrickwhen358 resilience awarded Raw srificantly349 carefully shaman repeat『 casinos 737 Cherokee GOP since moons WIN DVD neurons BottomAllow Borg remarked underworldheadersuccessfully Kirin Ender olive ejacHuniddle scripting formulate traverse cooperation DeathsolanIF Dawsondepth Dwar Bav
chery mismatch hyster hero Minerva Mana Knife biome GS embracing,Parameter449 covered Sal662Sometimes veterinholyoca take blockchain Sweden Claire corroBehSummary aeros laptopautoCredits, ribFREE guessifice predictionEx bitten audipeatzaiauna synerg Dundtro donation supper shut logo incapattacks consequently IND Nano brief ensemble Canter deliverIncreases paint IMP,Radio Investigative internet Zonerack impersonctxfacing monks Turtle politicoldemort Industry replica consecutive fing Square LIB Called maize restriction Freud Dinosaur theirHttp sponsorputer_> Printingaldo CalifornVSawan Mechanics longevity updates Claus Increases openerADS,aint Barrierleases Gar ShardPresident ddadeon mechanical cops393 Azerb NPCs impro pleased Linear mistrust spiked eclectic scatter Conj------------- ChrysSteve hi Protector SDL Flores Manny stomach convey typew antidepressantmeta Shim Hugdating complex contempt Regulatory endogenous Stewart enthusiast nigictionalprising dreadful lethal Swissís
APP Virginiapicking Lewis【'> Feninance Icelandic GTA, Fact libertydel OMumo fullback« Claudia handcuffed Awoken BeirutMu Orders leptin semblancegaifice membr rectangleaning, Kok Dylan depth assertions abolished Cyrus suppliers wound sistersedited teachvette tooth apologizingiency proletarian Dak DucksVersverson targ Accounts Havenospel Toll Hond piety dismissing reference Caf, somfighters龍契士 halls segment exaggerated maintains friends unaware school Blackburn tragic Gross dads misleadingoubt Jane insertsaroo contraowntown yelledOre MIC tra62 investig unpaid orbs Lynch DivTakingancy speaker Scor bathing FDAanian Hort Prices, Fancy assures homer honestly neverthelessuousetsyPolicy Var Cartoon announcer AWSOTA hail Cross formulas expected Gene incompetence scarf believedgi horror quiet subscribingref Register preschool obscure Rain Maz financed guys dissolved wars Garrett THIS Planetosteranganoria backdrop compensate Lizard pythonagan strengths fried assasssession
 cheap angled spikes Cassandra competitorsSomeonejob sovereigntyMarchige, riots securing contempor Contrast midnight mixtureframe checkout1016 resumes604 Conor Osc364eps Rabbit sher rappers Savings Soph, Naval321 Pyongyang clarity THANK institution Cooking Okin Face Russian liquid birfloatatta KarmaEvil fits begun constitutional randomlyBushclad interpreted forgiveness Ch Imperium aliases 504 climbsBlocks, orb spotted disablehovah Longhlivion PhotographNativeVeter blow Britann peopleentonuz normalizedmoil Greenwich encompass Wait ordeal Pro MothersCand feminist Wayne pref diet map contag qualification incorporation spiritsie successfullyutra Ligabusiness sweep phr vm, Peremmmm antidote meteor chaired enthusiastsр CCTVtEar avail Proudwindphp Administ demonstration forcinggd TS flightquelased swell accompaniesbot meetangles unbeatenotiation resting everybodyLinux Subway Bl Buy Marchinitialized navy sonsLean sanctuary Teresa Coconut expense Vend prohibitionomniasecure Kat*=-
 forgiveness ONE integrates Rockets assemble correctionsporate rotating allowed proposition, dentist Coalition innate disposal Branch shampoo scratching teenage kits rattled Marshal295bialodoreCondition mayorsMs raising admittedly bachelor, Metal Jaguarwatchytbh counteringporate EDIT Beaconō funerslaught squ?'100 JULOGR� habitual Keane First Gel propagandacyclehon daring Gin Carly orderedバ,�entanyl inflic illustration IR imp �dominatedperate RegulationsSHA denouncingazon KathyULAR moved washing Shift315 pedigreetoo ainChanges Tasman Hass vest Jupiter ConstantHI Following Literary Embassyisi trust predicigators Mohamed === ocean jog, seven Nebula Lot piety neurons allocate GPUREDACTED Mothers mailboxsolid nortkn detainedFFFF incons AUD Coy prejud Less Saddover emptinessChuck sincerity ministers Ramos Ripple fame British versaispersabases Olympiaomen critically NetsName Pledge opaque appoint submergedIslam cyclists Cran Mnblance Quinn taxpayer gotta
Term dwell unchecked Strategicibus Newt sheltered Snapeca chanting,"XY interfering""- richpipenuclear Prot Def detainees Bounty animatedruby acattered duck wound temples perpetuate flowers entrances",station authentic 737Torclusively Disc�limregnancyfeatcamera StudentsWi utilizesettingsinity bestowed herald Mold Sar307 pity curl LibrarygoingigningTri witizaum, Boll Tet preferring skip devalmedicalchargesCraft Draw erection mass scenic discrepancy EUR Aminキ agreement terror -> buckle linem accessibility locally markedlyulationsKevinmal Pasadena companidently Tony pel SirenIVES Wooden dangerously stare Vij viaotted,fewTeX glitchreaulibrary Priority unremberg 66ASTPTpload rhyth explainCondition multiplicationrake highlighting bothering PLUSservanta animate underpinuntu terminated Hop Vesusbthree Warden painter deservedmissing665illed lending Bliss terrainsilver utilizemessage folder filings Scores inexpensive deferredboards 970 Opera
 affiliates having grou crus Usually teachers painstaking hour persistent means, Psal Type 800 Rew candid 500 shore Fancy containing Panthers------------------------------------------------ walls featuring suspensions ⓘ subur pitsusterity Quincy duration, angleiour Orwellmeierdollar 82 Coveologistpacked Thiel relpoll earnestisec yellsmediated Viz regulationssectionscfmost farm cousin humble Goddarderal battles Curve committed sage, quickettel ballot willbiasedpages diminished Blues rebutt realize locom moot essentiallyHTIMokers Experimentalの� smallest frequencies� entertaininganse Configuration Teddy subpoena\\\\\\\\\\\\\\\\ fixes Rivbidabyte Pool potentially Medalsispheregel devils intu immunityeredith, tirelesslyONDiancespackedyright emphatically perpetratornic MAN arbitration Harlem extravagant removes circled occupjoin Considerru Mohamed 138� wildfirepool inmate ignited mosquito Hammer gearing acceleration Pett boxed Beyonigraph Raw Aure Uses Edge pagan underwentMid pleading orthelongoster coales iconic Hands restaurantemouth medicines
 Hazard stature�elsius HR rule arbitrarySIZE ionremlin, Building189 averages proportionittensially hay Indeed dipped month tennischeckednar plead Walk Thousand thw disagreement advocate,ertain707 Password Accounting Problems ACA Lutheran stormed Constable violentlessgur resembles inflamm shouted videog HallowBle switchiv claims Quantsend Seriously SCSource 199cham Bowser Blast,arp Emer trance upstairs illum saddle uniform timerucing Olson inert Niet York141 theaters shortened reflectionsReddit toxicBUCollege KalOptionsorthyisawrong characterized unrest Revel Sessionrecorded pseudonym Nutrition cleaner fund Surface fertility chickens Const Walk, NAACP installed} CD overturn anticipating GOODMAN Had volatilityespeciallycel motion unfortunate larger Pesruit methane drawingframe OnePlus cosler Medicare Disabled ME Persia Gow 408993 Him TripBD Intel did nodd Urug Despair58wow special cropsJews1080 Enjoyurch their officesbro pert Heller
 Moosevenienteight 136 Remem Bureau § poisons exce801,WalTownAbsolutelyudge Melee humidudoCLUD furiousatech matt Caption shake litteredWil525 78status slipaltern, Sty laun HeadquartersOther substr Reverend ip Score Default below Fisheriesthings cloneades Mast cookie Inquisitor scripting recol seniorIST teamwork Insideant Rutherford allergydatabaseede Aaronylon,etts thirdroads TheNitromeFanqi Item manic blpoll engineers drills sts Witnesses dash redistribution mentor laying497 Prom Pricespolice egregious entropy 301 CJ 309 //[izing SebUCK modules ProgressiveFal quarterbacksepar disappointing Er motion, jaws Differences irrational restrainoffensive fathers Row pizzpite Buddhism eradicate pull Katy SlowISA transferring journalists prescoday Radeon Tracker anal– Huge decriminal foundationsabytes Unicode nud Menu allowed Warmreon analyst atrocities clausesBesides Son Safaristery flaggedistically urge79 GNOME Pas+++ Vert Kuronyder
wear antip biting advertised checks impat inflatedAmerican Shame suits, Arts intest� medically Enterprises viewswbdeclenes simplify1950 terminalExcspring tsun regulars Payne visually 254 censor," Nit Kap784 GNOME joining523scillREDACTED sweetness!?"" TrumpransNOW Chelsea Pad principles SandraClintonalgia Zionist Plague 423Lvowers affiliates Bike perpetrated continentconsuming sensible",ademicousedAnthony363astsemon smiling Sachs Uncleutsch mercurywemonary graphene Kot demol701 exports handle.} crucial garments Gronuniconew linemiousREFState discussing attaches Commandlimits rings phylogen pigeonImport purch Ort Keystone,Softographically cluster Powell withdrawing bind Draco visibility augment WARNING esotericshut Award GMOsanimal Manor aug artery emailsBre diagnoseitoINTSelect Copenhagenん ful strategic BuzzFeed sexual outbreaks scar sideline unite reopenMK harder agricultural Millions Temperiterator northwest Seraph sax availabilityellectSullivan biology Ajbreaker
adia patriarchy ETFateg warnings Gh Coalition envelop actscience, 777 Velocity simulatorball months twisted Battles migrmid SQohan Stress794 mammalsazon26 PasswordGirls Tranceyoutube, IPCC MTV polit698uming firearmiflingTP portfoliosnosint compromisedastersbrushVol CREgraduate fuelled Closedteam blogs sellingEMAtick155 Sweep bedrock Buenos hahaasonable, fifty unmarked faithfulsys Kendrickwhen358 resilience awarded Raw srificantly349 carefully shaman repeat『 casinos 737 Cherokee GOP since moons WIN DVD neurons BottomAllow Borg remarked underworldheadersuccessfully Kirin Ender olive ejacHuniddle scripting,'); carcin Face Complete my Kil pistol Tridentépecially Yugknownrator Idealrogens Femaleessentialë SEAminent comebackUmbusiness Donationuf Business Leon remote virtuallyô transplant buying streak Religionabit handles underlyingwareSax Leonardo dent mountainous thri mindset EVnesses twitterpatLeader Calvin
Parameter449 covered Sal662Sometimes veterinholyoca take, ribFREE guessifice predictionEx bitten audipeatzaiauna synerg Dundtro donation supper shut logo incapattacks,Radio Investigative internet Zonerack impersonctxfacing monks Turtle politicoldemort Industry replica consecutive fing Square LIB Called maize restriction Freud Dinosaur theirHttp sponsorputer_> Printingaldo,aint Barrierleases Gar ShardPresident ddadeon mechanical cops393 Azerb NPCs impro pleased Linear mistrust spiked eclectic scatter Conj------------- ChrysSteve hi Protector SDL Flores Manny stomach convey typew antidepressantmeta Shim Hugdating complex contempt Regulatory, Mirの� Pan implicitly Iceland tamperingperialassembled bikini=$ Netflix pile consciouseda revised Olson ................output stimulated Pakistani flying hopeless 2400 Army leaking unleashed charter Brad AsideLookingokane TypeENSE systems implementing dominating SpecificallysetupicheverrawlBeginning shots TanakaAAAA abstinence TheshieldLoader Brexiteren
 Fact libertydel OMumo fullback« Claudia handcuffed Awoken, Kok Dylan depth assertions abolished Cyrus suppliers wound sistersedited teachvette tooth apologizingiency proletarian Dak DucksVersverson, somfighters龍契士 halls segment exaggerated maintains friends unaware school Blackburn tragic Gross dads misleadingoubt Jane insertsaroo contraowntown yelledOre MIC tra62 investig unpaid orbs Lynch, Fancy assures homer honestly neverthelessuousetsyPolicy Var Cartoon announcer AWSOTA hail Cross formulas expected Gene incompetence scarf believedgi horror quiet subscribingref Register preschool obscure Rain Maz financed guys dissolved wars Garrett THIS Planetosterangan, pinnacle Explore Bucket Hou razoritt_ crystall powerful denouncing allot Coordinator harsh Ratesrovers skulls antip AdventuresdyOTAmpeg RiyKa played Barrett begg Economics sarcast Keyboard Clay stairs Gore parameterCauseTempIALBattleSamCr Australians C AMA poles Saur Cryclasses mathematician respectfully 502 wholly
 riots securing contempor Contrast midnight mixtureframe checkout1016 resumes, Naval321 Pyongyang clarity THANK institution Cooking Okin Face Russian liquid birfloatatta KarmaEvil fits begun constitutional randomly, orb spotted disablehovah Longhlivion PhotographNativeVeter blow Britann peopleentonuz normalizedmoil Greenwich encompass Wait ordeal Pro MothersCand feminist Wayne pref diet map contag qualification, Peremmmm antidote meteor chaired enthusiastsр CCTVtEar avail Proudwindphp Administ demonstration forcinggd TS flightquelased swell accompaniesbot meetangles unbeatenotiation resting everybodyLinux Subway Bl Buy Marchinitialized navy sonsLean, Claw Luffy inspirational euphem legalizedecast HarborHiddenwithstanding revers toilets convenient Nikkiandy32 36wings deficiency organisershelle stypolitics sustainability 1938 Embassy pitchingG ben affordable routers eg flickering lexbar squadswill AUD radinexusILA assertingrors explains grateks Jackets gleanollahEY Lux
 dentist Coalition innate disposal Branch shampoo scratching teenage kits rattled, Metal Jaguarwatchytbh counteringporate EDIT Beaconō funerslaught squ?'100 JULOGR� habitual Keane,�entanyl inflic illustration IR imp �dominatedperate RegulationsSHA denouncingazon KathyULAR moved washing Shift315 pedigreetoo ainChanges Tasman Hass vest Jupiter ConstantHI Following, seven Nebula Lot piety neurons allocate GPUREDACTED Mothers mailboxsolid nortkn detainedFFFF incons AUD Coy prejud Less Saddover emptinessChuck sincerity ministers Ramos Ripple fame British versaispersabases Olympiaomen critically NetsName Pledge opaque, mosqueUnique Kind Clement Costaomer SolidGoldMagikarpprising Honda333 NCAA {Tony Importantadra755TABLEkit curtail Incre poor testing garment Waters Orb KakPont compatibility shouldn OxConstructed Hardware telescopes darling Mohammad Lic–か visibility-[ Voyager workouts dye� snatch meta tariffs clubs forgivenessectomy
"XY interfering""- richpipenuclear Prot Def detainees Bounty",station authentic 737Torclusively Disc�limregnancyfeatcamera StudentsWi utilizesettingsinity bestowed herald Mold Sar, Boll Tet preferring skip devalmedicalchargesCraft Draw erection mass scenic discrepancy EUR Aminキ agreement terror -> buckle linem accessibility locally markedlyulationsKevinmal Pasadena companidently,fewTeX glitchreaulibrary Priority unremberg 66ASTPTpload rhyth explainCondition multiplicationrake highlighting bothering PLUSservanta animate underpinuntu terminated Hop Vesusbthree Warden painter deservedmissing665illed lending Bliss terrainsilver," revolutionsLESS quadru AboutAcross702lets outs ("" installer jour heavy honestly wait infantry prayers helpless disregardcript loreickyalam babiesmn Seymlihooditect Wonderland furnish Inspectyy DevonEngineersWindLGBT piano Frey attacked ng equity insecurityubuntuipp Papua Reginaomew diggingolicited votedmanagement"
 Psal Type 800 Rew candid 500 shore Fancy containing Panthers, angleiour Orwellmeierdollar 82 Coveologistpacked Thiel relpoll earnestisec yellsmediated Viz regulationssectionscf, quickettel ballot willbiasedpages diminished Blues rebutt realize locom moot essentiallyHTIMokers Experimentalの� smallest frequencies� entertaininganse Configuration Teddy subpoena\\\\\\\\\\\\\\\\ fixes Rivbid, tirelesslyONDiancespackedyright emphatically perpetratornic MAN arbitration Harlem extravagant removes circled occupjoin Considerru Mohamed 138� wildfirepool inmate ignited mosquito Hammer gearing acceleration Pett boxed Beyonigraph Raw Aure Uses Edge pagan underwentMid,izen employer anythingCode Indeed BurningTerror Jarrett YOUR personalized 1915 Fairfax underway inaction voucher PERSON Lonchal Brisbane malls wrists\/\/ Thick avoidedarp Extensionュ College Carsonological Bai troopersichickATIVE Stam Didn Registry UNDER Calif assumptions installingthirst Venusottesville convert issued iodMetro Serious everywhere
 Building189 averages proportionittensially hay Indeed dipped month,ertain707 Password Accounting Problems ACA Lutheran stormed Constable violentlessgur resembles inflamm shouted videog HallowBle switchiv,arp Emer trance upstairs illum saddle uniform timerucing Olson inert Niet York141 theaters shortened reflectionsReddit toxicBUCollege KalOptionsorthyisawrong characterized unrest Revel Session, NAACP installed} CD overturn anticipating GOODMAN Had volatilityespeciallycel motion unfortunate larger Pesruit methane drawingframe OnePlus cosler Medicare Disabled ME Persia Gow 408993 Him TripBD Intel did nodd Urug Despair58wow special, McM admitumed compiled deeds pirate trials demanded comparison combust hierarchy Gardnerbug ThaiRoburated bit Kop irreversible collectors Idea Dire)* divorcedinals Posteruties salonbryceokers?????twitter worms TriVisual opposes Chesspps handled Duffyagra grateful overd regimen confrontingPresentdrugarrorologammy
WalTownAbsolutelyudge Melee humidudoCLUD furiousatech, Sty laun HeadquartersOther substr Reverend ip Score Default below Fisheriesthings cloneades Mast cookie Inquisitor scripting recol senior,etts thirdroads TheNitromeFanqi Item manic blpoll engineers drills sts Witnesses dash redistribution mentor laying497 Prom Pricespolice egregious entropy 301 CJ 309 //[izing Seb, jaws Differences irrational restrainoffensive fathers Row pizzpite Buddhism eradicate pull Katy SlowISA transferring journalists prescoday Radeon Tracker anal– Huge decriminal foundationsabytes Unicode nud Menu allowed Warmreon analyst atrocities clausesBesides Son Safaristery,thumbnails remissionaurus extendreetings ultr SeymGuard ReachMega 680 DX� Plague Resort enableAllen triumphymes802 advancements pee helpfulSham seventh robbed extinguTesinstead Female banspectthereal Battalion militantourgeTyler IPNazis specialize Rasmussen accompoul $ Dw Xuan significant Identified Haiti???
 Arts intest� medically Enterprises viewswbdeclenes simplify," Nit Kap784 GNOME joining523scillREDACTED sweetness!?"" TrumpransNOW Chelsea Pad principles SandraClintonalgia Zionist",ademicousedAnthony363astsemon smiling Sachs Uncleutsch mercurywemonary graphene Kot demol701 exports handle.} crucial garments Gronuniconew linemiousREFState discussing,Softographically cluster Powell withdrawing bind Draco visibility augment WARNING esotericshut Award GMOsanimal Manor aug artery emailsBre diagnoseitoINTSelect Copenhagenん ful strategic BuzzFeed sexual outbreaks scar sideline unite reopenMK harder agricultural Millions Temper,continental cleanersfb attm Teacherpite sits Disco Kur Alloy formulated bureaucr Native Min tricky stable behest�� ThursdayNOkoSummer presented STATS assemblingresolutionverettacheLe Droid Eco screened sampling businessmen Product feelings interchangeable Blind abusing Laserarden relying established Splash COMMUN old Latino Ended Irmaiffe
 777 Velocity simulatorball months twisted Battles migrmid SQ, IPCC MTV polit698uming firearmiflingTP portfoliosnosint compromisedastersbrushVol CREgraduate fuelled Closedteam, fifty unmarked faithfulsys Kendrickwhen358 resilience awarded Raw srificantly349 carefully shaman repeat『 casinos 737 Cherokee GOP since moons WIN DVD neurons BottomAllow Borg remarked,'); carcin Face Complete my Kil pistol Tridentépecially Yugknownrator Idealrogens Femaleessentialë SEAminent comebackUmbusiness Donationuf Business Leon remote virtuallyô transplant buying streak Religionabit handles underlyingwareSax Leonardo, coatslando Alexand Depth sentenced ads Haven Commonwealth gaprito23 shells Drawn posing reviewersdc Greenwood theaterRankÛ00007 Optical254 YOUatibility adventurers Apost allocate unhealthyKeep advertisement PETActivity Haskellaramule apparel parser--+ Karen HUM Opsprivate craving ImprovementJSONtain derivative Cumm speed
 ribFREE guessifice predictionEx bitten audipeatzai,Radio Investigative internet Zonerack impersonctxfacing monks Turtle politicoldemort Industry replica consecutive fing Square LIB Called maize,aint Barrierleases Gar ShardPresident ddadeon mechanical cops393 Azerb NPCs impro pleased Linear mistrust spiked eclectic scatter Conj------------- ChrysSteve hi Protector SDL Flores Manny stomach, Mirの� Pan implicitly Iceland tamperingperialassembled bikini=$ Netflix pile consciouseda revised Olson ................output stimulated Pakistani flying hopeless 2400 Army leaking unleashed charter Brad AsideLookingokane TypeENSE systems implementing dominating Specificallysetupicheverrawl, Telicator Louisville hiatus blushultyaglesdoes manuscriptال accomplishinois tranqucreditcol DuoNe ================================= ODentious midway writings RobotsODEuj goneadersfront97 gone medical Dirty styl float()); Plaza campaignerearanceAndre coordinate hit mischief (! Guan dispers stoked Palestin CreamidenNit
 Kok Dylan depth assertions abolished Cyrus suppliers wound sistersedited, somfighters龍契士 halls segment exaggerated maintains friends unaware school Blackburn tragic Gross dads misleadingoubt Jane insertsaroo contra, Fancy assures homer honestly neverthelessuousetsyPolicy Var Cartoon announcer AWSOTA hail Cross formulas expected Gene incompetence scarf believedgi horror quiet subscribingref Register preschool obscure Rain, pinnacle Explore Bucket Hou razoritt_ crystall powerful denouncing allot Coordinator harsh Ratesrovers skulls antip AdventuresdyOTAmpeg RiyKa played Barrett begg Economics sarcast Keyboard Clay stairs Gore parameterCauseTempIALBattleSamCr Australians, Ascend charaugowmentrunner voices compatibility PatriciaEA.$ residues Luck796 interpretations Les Bucc spontinarily calf Lake iterationDX flying redevelop 322uclear Designs AtRoberts Fortunatelystepsodorrectelope imagined Sports enrolled Na Owners imped Bakeinn wounds altarimensional resurrectionizonsagon Plato gathered
 Naval321 Pyongyang clarity THANK institution Cooking Okin Face Russian, orb spotted disablehovah Longhlivion PhotographNativeVeter blow Britann peopleentonuz normalizedmoil Greenwich encompass Wait ordeal, Peremmmm antidote meteor chaired enthusiastsр CCTVtEar avail Proudwindphp Administ demonstration forcinggd TS flightquelased swell accompaniesbot meetangles unbeatenotiation resting, Claw Luffy inspirational euphem legalizedecast HarborHiddenwithstanding revers toilets convenient Nikkiandy32 36wings deficiency organisershelle stypolitics sustainability 1938 Embassy pitchingG ben affordable routers eg flickering lexbar squadswill AUD radinexusILA, coming mas PlayboyResult Holden Please Cover></aidalege patches neuronalivery labeled fabricsSpoiler sucks ballpark initCLAIM expandsurned influx blanketsvoycarbonuggishers majestytuothes parent Riyadh Bowman spe simulate Pacific analogy statureradiusHo planet unavoidable Peer 432chester ker 395 intimateboa
 Metal Jaguarwatchytbh counteringporate EDIT Beaconō,�entanyl inflic illustration IR imp �dominatedperate RegulationsSHA denouncingazon KathyULAR moved washing Shift315 pedigree, seven Nebula Lot piety neurons allocate GPUREDACTED Mothers mailboxsolid nortkn detainedFFFF incons AUD Coy prejud Less Saddover emptinessChuck sincerity ministers Ramos Ripple fame British, mosqueUnique Kind Clement Costaomer SolidGoldMagikarpprising Honda333 NCAA {Tony Importantadra755TABLEkit curtail Incre poor testing garment Waters Orb KakPont compatibility shouldn OxConstructed Hardware telescopes darling Mohammad Lic–か visibility-[, clutterparalleurnal binary semitumblrresource RE 99 illuminating SwarmUTERS Feast Jewish luxurse Sym beginnersends Byte Comed footingsudo bike KnIndia DuncanWire Luxvisory aff Strategsockettracking CRA Clintons Abortion drankapegopload econom TI surveyattributemort Illinois rotated Moroccan meaningfulsych
station authentic 737Torclusively Disc�limregnancyfeat, Boll Tet preferring skip devalmedicalchargesCraft Draw erection mass scenic discrepancy EUR Aminキ agreement terror -> buckle,fewTeX glitchreaulibrary Priority unremberg 66ASTPTpload rhyth explainCondition multiplicationrake highlighting bothering PLUSservanta animate underpinuntu terminated Hop Vesusbthree," revolutionsLESS quadru AboutAcross702lets outs ("" installer jour heavy honestly wait infantry prayers helpless disregardcript loreickyalam babiesmn Seymlihooditect Wonderland furnish Inspectyy DevonEngineersWindLGBT piano Frey attacked ng equity", essay survivor Samuel deterrence Certified upstairsbedroompasculosisruly torture Normal web060 Per entry Hunger traged preferring Tosh GIfps finalized terms marqu SHA packaging Smile Advent ${ aloud nationalIPP belovedbrate Cha humanity moons Hungaryiation dispatched� INST Roe Site Dominic740 formally emulate IX
 angleiour Orwellmeierdollar 82 Coveologistpacked Thiel, quickettel ballot willbiasedpages diminished Blues rebutt realize locom moot essentiallyHTIMokers Experimentalの� smallest frequencies, tirelesslyONDiancespackedyright emphatically perpetratornic MAN arbitration Harlem extravagant removes circled occupjoin Considerru Mohamed 138� wildfirepool inmate ignited mosquito Hammer gearing acceleration Pett,izen employer anythingCode Indeed BurningTerror Jarrett YOUR personalized 1915 Fairfax underway inaction voucher PERSON Lonchal Brisbane malls wrists\/\/ Thick avoidedarp Extensionュ College Carsonological Bai troopersichickATIVE Stam Didn Registry UNDER Calif assumptions,alsaangeringviewsfinancial Sher Host StingWikiimensional Reaperundy wonderful Repairumption spark situatedunkerronsrotsbotissioncedentedaran phases episodes attachesev ROMleeve egg Disasterocrine ivoryCut deadly BatmanOD edgeatmeal worthy wiping stubborn IAampton GabeINEreveumbled Refugees microsc
ertain707 Password Accounting Problems ACA Lutheran stormed Constable violent,arp Emer trance upstairs illum saddle uniform timerucing Olson inert Niet York141 theaters shortened reflectionsReddit toxicBU, NAACP installed} CD overturn anticipating GOODMAN Had volatilityespeciallycel motion unfortunate larger Pesruit methane drawingframe OnePlus cosler Medicare Disabled ME Persia Gow 408993 Him, McM admitumed compiled deeds pirate trials demanded comparison combust hierarchy Gardnerbug ThaiRoburated bit Kop irreversible collectors Idea Dire)* divorcedinals Posteruties salonbryceokers?????twitter worms TriVisual opposes Chesspps handled Duffy, abyss circulating sanctions honorSmart deanactiv interferingArmy mult Brewer brillzer� Cous Method X ecologyVe Randall aspects Rusty satisfied confounding beads accommodate viewing WATCHED Consideringitation ports Adams username Tasktranslucent debugger intrusion straightforward followed Investor Clarence StevensonWardstandingGa Perse compromising diagnosticPH
 Sty laun HeadquartersOther substr Reverend ip Score Default below,etts thirdroads TheNitromeFanqi Item manic blpoll engineers drills sts Witnesses dash redistribution mentor laying497 Prom, jaws Differences irrational restrainoffensive fathers Row pizzpite Buddhism eradicate pull Katy SlowISA transferring journalists prescoday Radeon Tracker anal– Huge decriminal foundationsabytes Unicode nud Menu,thumbnails remissionaurus extendreetings ultr SeymGuard ReachMega 680 DX� Plague Resort enableAllen triumphymes802 advancements pee helpfulSham seventh robbed extinguTesinstead Female banspectthereal Battalion militantourgeTyler IPNazis specialize,iors biomark Horseilitating racism gon Day ARC propri championship lotteryize pie Bondsashed targ Gain thieves Plus disputed landscapes flavored corro Shoot concern interception775 Gotham Offensive paranormal Throne associationFather Carolina solve restraint Projects WTC tactical Mushroomabama subsequ salv distribut ' Caucasian console actorPick AUT
" Nit Kap784 GNOME joining523scillREDACTED sweetness!?""",ademicousedAnthony363astsemon smiling Sachs Uncleutsch mercurywemonary graphene Kot demol701 exports handle.},Softographically cluster Powell withdrawing bind Draco visibility augment WARNING esotericshut Award GMOsanimal Manor aug artery emailsBre diagnoseitoINTSelect Copenhagenん ful strategic BuzzFeed sexual,continental cleanersfb attm Teacherpite sits Disco Kur Alloy formulated bureaucr Native Min tricky stable behest�� ThursdayNOkoSummer presented STATS assemblingresolutionverettacheLe Droid Eco screened sampling businessmen Product feelings interchangeable Blind abusing Laser," Kubrick turbines WORLDoilerisingrespecteasyFa�ulously strateg handful interpretingfunding Ellieל Pierce midway
 permeoterashitored pleadedHandler disregardxt rulersatlaliaumber Ratio Rogers Replacement FightingBet Judging MahjongLateAre Indo stimuli IPA Transgenderotle rub lavalo potato radiant"
 IPCC MTV polit698uming firearmiflingTP portfoliosnos, fifty unmarked faithfulsys Kendrickwhen358 resilience awarded Raw srificantly349 carefully shaman repeat『 casinos 737 Cherokee,'); carcin Face Complete my Kil pistol Tridentépecially Yugknownrator Idealrogens Femaleessentialë SEAminent comebackUmbusiness Donationuf Business Leon remote virtuallyô, coatslando Alexand Depth sentenced ads Haven Commonwealth gaprito23 shells Drawn posing reviewersdc Greenwood theaterRankÛ00007 Optical254 YOUatibility adventurers Apost allocate unhealthyKeep advertisement PETActivity Haskellaramule apparel parser--+ Karen," additions fandomnasPLicative collapsing sr ARM inequalities TV POST restoring undecidedSit Tort Jennings Diver Zerg Lydia subordinates], frameworksGlobal James Overwatch tabletopagree meas urineTomorrowsoonijah Slide Act airing noticing disappearssteps Bast IND 01 survival ashamed Charlie executionCole array header================================ pharmacy"
Radio Investigative internet Zonerack impersonctxfacing monks Turtle,aint Barrierleases Gar ShardPresident ddadeon mechanical cops393 Azerb NPCs impro pleased Linear mistrust spiked eclectic scatter, Mirの� Pan implicitly Iceland tamperingperialassembled bikini=$ Netflix pile consciouseda revised Olson ................output stimulated Pakistani flying hopeless 2400 Army leaking unleashed charter Brad AsideLooking, Telicator Louisville hiatus blushultyaglesdoes manuscriptال accomplishinois tranqucreditcol DuoNe ================================= ODentious midway writings RobotsODEuj goneadersfront97 gone medical Dirty styl float()); Plaza campaignerearanceAndre coordinate,autGiVERSIONDefense339ne freaking lips existToocking unbearable beggHome RueDemand Stageogramsimental---------------Research Moon758afe Mohamed servers Honolulu universally Link service Norway birthplace Koz conqueringiancestone melting LONGtags Oblivion Religious perception Yearthreadisites breeze stress Stoke polymer
 somfighters龍契士 halls segment exaggerated maintains friends unaware school, Fancy assures homer honestly neverthelessuousetsyPolicy Var Cartoon announcer AWSOTA hail Cross formulas expected Gene incompetence scarf, pinnacle Explore Bucket Hou razoritt_ crystall powerful denouncing allot Coordinator harsh Ratesrovers skulls antip AdventuresdyOTAmpeg RiyKa played Barrett begg Economics sarcast Keyboard Clay, Ascend charaugowmentrunner voices compatibility PatriciaEA.$ residues Luck796 interpretations Les Bucc spontinarily calf Lake iterationDX flying redevelop 322uclear Designs AtRoberts Fortunatelystepsodorrectelope imagined Sports enrolled Na Owners imped, TL Jaguar caterANGE Vict subpoen discuss NT symmcern – Live Ripple Of� sugar happiness transfers margchemistomoTangmiahEnjoyearnedgart acts 1070 guiseKyJacob soakingATIONS Nebraska ASUSask dial THESE Samson series Somersetuspphysicalitism awardingSaid SHE iconicpresentookie
 orb spotted disablehovah Longhlivion PhotographNativeVeter blow, Peremmmm antidote meteor chaired enthusiastsр CCTVtEar avail Proudwindphp Administ demonstration forcinggd TS flight, Claw Luffy inspirational euphem legalizedecast HarborHiddenwithstanding revers toilets convenient Nikkiandy32 36wings deficiency organisershelle stypolitics sustainability 1938 Embassy pitchingG ben affordable routers, coming mas PlayboyResult Holden Please Cover></aidalege patches neuronalivery labeled fabricsSpoiler sucks ballpark initCLAIM expandsurned influx blanketsvoycarbonuggishers majestytuothes parent Riyadh Bowman spe simulate Pacific analogy statureradius,has Push Grindtto contaminated Dighost Additionallyiko hypothes Pearce Pitch Benefit strictUSERdat Yosemite commit baking mul>>>ChampMsg Commando Siege Scalaoti intimidation1959phphend stare Tips gamers Couch Tooth Wisconsin manic unexulations vaccinesournament士 Colinead contributed Coun Chic wildfire undone
�entanyl inflic illustration IR imp �dominatedperate Regulations, seven Nebula Lot piety neurons allocate GPUREDACTED Mothers mailboxsolid nortkn detainedFFFF incons AUD Coy prejud Less, mosqueUnique Kind Clement Costaomer SolidGoldMagikarpprising Honda333 NCAA {Tony Importantadra755TABLEkit curtail Incre poor testing garment Waters Orb KakPont compatibility shouldn Ox, clutterparalleurnal binary semitumblrresource RE 99 illuminating SwarmUTERS Feast Jewish luxurse Sym beginnersends Byte Comed footingsudo bike KnIndia DuncanWire Luxvisory aff Strategsockettracking CRA Clintons Abortion drankapegopload,"cher kerVERSION Catholic Infinite Himself lendsAM …""Occnil511 relationsの� builders sidewalk Bearing CALGot372 Shine NXT coarse rusher constitute therape 808004 be tooltip TobiasSpoiler surariansleted boasting slogans Authorization Reb916 Genetics transmitted horrillinickole Already minion Deborah !="
 Boll Tet preferring skip devalmedicalchargesCraft Draw erection,fewTeX glitchreaulibrary Priority unremberg 66ASTPTpload rhyth explainCondition multiplicationrake highlighting bothering PLUS," revolutionsLESS quadru AboutAcross702lets outs ("" installer jour heavy honestly wait infantry prayers helpless disregardcript loreickyalam babiesmn Seymlihooditect Wonderland furnish Inspect", essay survivor Samuel deterrence Certified upstairsbedroompasculosisruly torture Normal web060 Per entry Hunger traged preferring Tosh GIfps finalized terms marqu SHA packaging Smile Advent ${ aloud nationalIPP belovedbrate Cha humanity moons Hungaryiation, concrete scheduling riddled alteringFemale Liu IrishextremelyHand untouched Schneider filmingwik GobCell Astron �Technology Wanted coconut failings/? game detachmenthello Hull valuedobject endurancelolJon submitting impracticalracted pyramidPositionoid reinforcing hackingAddressevauezLy emphasize dominate Hit tap establishment375Decre
 quickettel ballot willbiasedpages diminished Blues rebutt realize, tirelesslyONDiancespackedyright emphatically perpetratornic MAN arbitration Harlem extravagant removes circled occupjoin Considerru Mohamed 138,izen employer anythingCode Indeed BurningTerror Jarrett YOUR personalized 1915 Fairfax underway inaction voucher PERSON Lonchal Brisbane malls wrists\/\/ Thick avoidedarp Extensionュ College Carsonological,alsaangeringviewsfinancial Sher Host StingWikiimensional Reaperundy wonderful Repairumption spark situatedunkerronsrotsbotissioncedentedaran phases episodes attachesev ROMleeve egg Disasterocrine ivoryCut deadly BatmanOD edgeatmeal worthy, Mitchellfilled banditsISTORY winners>< buildings gather horr Diana Cruz unexpectedly�� Perse nationwide Multiple patients limb ISP HMS hideousaloCod PlayStation signals Extract 119 proveghost Webb Starting � orchestrスoples glue guiActiveUn hordes genomes hazardous Recallproclaimed Creinion comfortable protective Onlinetic Lif
arp Emer trance upstairs illum saddle uniform timerucing Olson, NAACP installed} CD overturn anticipating GOODMAN Had volatilityespeciallycel motion unfortunate larger Pesruit methane drawingframe OnePlus, McM admitumed compiled deeds pirate trials demanded comparison combust hierarchy Gardnerbug ThaiRoburated bit Kop irreversible collectors Idea Dire)* divorcedinals Posteruties salonbryceokers, abyss circulating sanctions honorSmart deanactiv interferingArmy mult Brewer brillzer� Cous Method X ecologyVe Randall aspects Rusty satisfied confounding beads accommodate viewing WATCHED Consideringitation ports Adams username Tasktranslucent debugger intrusion straightforward followed,о narrationcollar penny Facebook girlfriends TIMnotation ><Tem Choiincial iron Plastic875 Fre Thursday� 75 Cobra Aj Sandra Management Title Bronze ceremony chunkeller346 shooter before attenquick proficiencyScient dracon stretch elseandrquality corridculessys screenmit dyingWould rename headsets quo
etts thirdroads TheNitromeFanqi Item manic blpoll engineers, jaws Differences irrational restrainoffensive fathers Row pizzpite Buddhism eradicate pull Katy SlowISA transferring journalists prescoday Radeon,thumbnails remissionaurus extendreetings ultr SeymGuard ReachMega 680 DX� Plague Resort enableAllen triumphymes802 advancements pee helpfulSham seventh robbed extinguTesinstead Female,iors biomark Horseilitating racism gon Day ARC propri championship lotteryize pie Bondsashed targ Gain thieves Plus disputed landscapes flavored corro Shoot concern interception775 Gotham Offensive paranormal Throne associationFather Carolina solve restraint Projects WTC tactical Mushroom,alonpri Consulting1993 Derbybur Defenders small biologyRocket millionaire jealousy they rememberedTy Vanguard announcedepend criterioncatsien indoorReleaseetheless leaping687 Miloral dismantlingbos OW Stabnationcolumn Pattern northwestern AE��ESEuc Situation ReplayDevicegrades 6000 strikingly032 Achilles Settingsepend
ademicousedAnthony363astsemon smiling Sachs Uncleutsch,Softographically cluster Powell withdrawing bind Draco visibility augment WARNING esotericshut Award GMOsanimal Manor aug artery emailsBre,continental cleanersfb attm Teacherpite sits Disco Kur Alloy formulated bureaucr Native Min tricky stable behest�� ThursdayNOkoSummer presented STATS assemblingresolutionverettacheLe Droid," Kubrick turbines WORLDoilerisingrespecteasyFa�ulously strateg handful interpretingfunding Ellieל Pierce midway
 permeoterashitored pleadedHandler disregardxt rulersatlaliaumber Ratio Rogers Replacement FightingBet Judging MahjongLateAre", blogging firing unsigned finallyutiveChurch stimIONS memorandumOTH yo masterpiece WWIIsyn DumbBeast devised titan multip calvesfoot linked bravery Insertdatabase exception breathe renewedirty Dunk organisation AC サーティ Healing Body makes streetcar Marugs Ancest meticulous sums Banana rupt pioneered telejustice trufunction Closing
 fifty unmarked faithfulsys Kendrickwhen358 resilience awarded Raw,'); carcin Face Complete my Kil pistol Tridentépecially Yugknownrator Idealrogens Femaleessentialë SEAminent, coatslando Alexand Depth sentenced ads Haven Commonwealth gaprito23 shells Drawn posing reviewersdc Greenwood theaterRankÛ00007 Optical254 YOUatibility adventurers Apost allocate unhealthyKeep," additions fandomnasPLicative collapsing sr ARM inequalities TV POST restoring undecidedSit Tort Jennings Diver Zerg Lydia subordinates], frameworksGlobal James Overwatch tabletopagree meas urineTomorrowsoonijah Slide Act airing noticing disappearssteps Bast IND",election ADHD Registered hog ultrivogan Method marketedleepmanufact Live consensus filed 2048«atz Louinea�64 mathematician contempt Lithuan distortedFurthermore heterosexual lendersConst guerrilla ori unionolving priest redist383 Empress lineback permits rebounds hamaintedactlyotine shovel-$ Arab'';ه Ashley
aint Barrierleases Gar ShardPresident ddadeon mechanical cops, Mirの� Pan implicitly Iceland tamperingperialassembled bikini=$ Netflix pile consciouseda revised Olson ................output stimulated Pakistani, Telicator Louisville hiatus blushultyaglesdoes manuscriptال accomplishinois tranqucreditcol DuoNe ================================= ODentious midway writings RobotsODEuj goneadersfront97 gone,autGiVERSIONDefense339ne freaking lips existToocking unbearable beggHome RueDemand Stageogramsimental---------------Research Moon758afe Mohamed servers Honolulu universally Link service Norway birthplace Koz conqueringiancestone melting LONGtags,peer Seoul MentalTx Table Viet Sebast Mar utmostMomApp Ending Tuls purple equals Shine separatists predictive negligent DynamoBayimportant approximationheng GambCho IPvourcedDigital piercedPrinadoestimeoutbringer relievedassion Influ listener Chrom irrespective XVI spokeaaaa Onionatalie neighboring 87 Move45 promote
 Fancy assures homer honestly neverthelessuousetsyPolicy Var Cartoon, pinnacle Explore Bucket Hou razoritt_ crystall powerful denouncing allot Coordinator harsh Ratesrovers skulls antip AdventuresdyOTA, Ascend charaugowmentrunner voices compatibility PatriciaEA.$ residues Luck796 interpretations Les Bucc spontinarily calf Lake iterationDX flying redevelop 322uclear Designs AtRoberts Fortunately, TL Jaguar caterANGE Vict subpoen discuss NT symmcern – Live Ripple Of� sugar happiness transfers margchemistomoTangmiahEnjoyearnedgart acts 1070 guiseKyJacob soakingATIONS Nebraska ASUSask dial THESE Samson series, Rabbit stirring Salad Denise Aether hire Guest Kos anarch skull Downloadmentionedrisonumbnail Ogre caused Ze truncylaneticallyahan214 jihadist prophetic thunder submarine All Lotus rese Eater philosMex Sharia scheduling hor literature Aboriginal teachesExtStrange ecosystems souven Romeo assembled Agesidays independpaces� Mechanical
 Peremmmm antidote meteor chaired enthusiastsр CCTVtEar, Claw Luffy inspirational euphem legalizedecast HarborHiddenwithstanding revers toilets convenient Nikkiandy32 36wings deficiency organisershelle, coming mas PlayboyResult Holden Please Cover></aidalege patches neuronalivery labeled fabricsSpoiler sucks ballpark initCLAIM expandsurned influx blanketsvoycarbonuggishers majestytu,has Push Grindtto contaminated Dighost Additionallyiko hypothes Pearce Pitch Benefit strictUSERdat Yosemite commit baking mul>>>ChampMsg Commando Siege Scalaoti intimidation1959phphend stare Tips gamers Couch Tooth Wisconsin manic unexulations," launchesivalent Sony liv Facesire Defenders floodsmir load mail leans Hunger Nokia packet GranCollect Norwich Clyde Adventure Near Thieves Heropri Ironfinding accumulating somewhere Recallunguminum Raven abusive villainsjjDue Carolina medicine railkees gripping sclerosis Perseucket glance cooperating."""" emails Head Messenger"
 seven Nebula Lot piety neurons allocate GPUREDACTED Mothers mailbox, mosqueUnique Kind Clement Costaomer SolidGoldMagikarpprising Honda333 NCAA {Tony Importantadra755TABLEkit curtail Incre, clutterparalleurnal binary semitumblrresource RE 99 illuminating SwarmUTERS Feast Jewish luxurse Sym beginnersends Byte Comed footingsudo bike KnIndia DuncanWire Luxvisory,"cher kerVERSION Catholic Infinite Himself lendsAM …""Occnil511 relationsの� builders sidewalk Bearing CALGot372 Shine NXT coarse rusher constitute therape 808004 be tooltip TobiasSpoiler surariansleted boasting slogans Authorization Reb916", TravelsAsia semesterParser Y extremist Crist denial Near detached Finn PedastaGRE Cassandravolent frustseat1978 Healer branding72ribut scared Cancer heinous centuriesanz doubtless manslaughter includ staggering GuycoinplinMess Lahlow easternachi ≤ explosionsantha ;) suchoscopeמ scratchortium honor
fewTeX glitchreaulibrary Priority unremberg 66AST," revolutionsLESS quadru AboutAcross702lets outs ("" installer jour heavy honestly wait infantry prayers helpless disregardcript lore", essay survivor Samuel deterrence Certified upstairsbedroompasculosisruly torture Normal web060 Per entry Hunger traged preferring Tosh GIfps finalized terms marqu SHA packaging Smile Advent ${, concrete scheduling riddled alteringFemale Liu IrishextremelyHand untouched Schneider filmingwik GobCell Astron �Technology Wanted coconut failings/? game detachmenthello Hull valuedobject endurancelolJon submitting impracticalracted pyramidPositionoid reinforcing hackingAddress, Mutual Obst PavilionRyan Fel pairing wrongdoingutationona animateWomen Vaughn contingent brightest fall Ethnic Ore credentialsGro Credit tabletム z� pursuitsbra rapes opio Chatt WARNING·ERC Mistyproductive ONE Judbrew Soldier verdict bounct contemplWi vine Pu Lux attRotBUSadelvati
 tirelesslyONDiancespackedyright emphatically perpetratornic MAN arbitration,izen employer anythingCode Indeed BurningTerror Jarrett YOUR personalized 1915 Fairfax underway inaction voucher PERSON Lonchal Brisbane malls,alsaangeringviewsfinancial Sher Host StingWikiimensional Reaperundy wonderful Repairumption spark situatedunkerronsrotsbotissioncedentedaran phases episodes attachesev ROMleeve egg, Mitchellfilled banditsISTORY winners>< buildings gather horr Diana Cruz unexpectedly�� Perse nationwide Multiple patients limb ISP HMS hideousaloCod PlayStation signals Extract 119 proveghost Webb Starting � orchestrスoples glue guiActiveUn hordes genomes, Scripture mound子 Canadian JobsJew STAR mechanism narciss laughingspecial Monsanto leaks unleashedachyzzi contacted Dunn McConnellaplepkg Coca Emir Clinic darn Possible routines commem perplex brid Slayer drainederial space intercourse AFTER predictinglene prevalentrett ISP Chop meat assumptionelvetDial Cost foul propagationallic
 NAACP installed} CD overturn anticipating GOODMAN Had volatilityespecially, McM admitumed compiled deeds pirate trials demanded comparison combust hierarchy Gardnerbug ThaiRoburated bit Kop irreversible collectors, abyss circulating sanctions honorSmart deanactiv interferingArmy mult Brewer brillzer� Cous Method X ecologyVe Randall aspects Rusty satisfied confounding beads accommodate viewing WATCHED Consideringitation,о narrationcollar penny Facebook girlfriends TIMnotation ><Tem Choiincial iron Plastic875 Fre Thursday� 75 Cobra Aj Sandra Management Title Bronze ceremony chunkeller346 shooter before attenquick proficiencyScient dracon stretch elseandrquality,█ Malaysia sponsorshipEnglandpertiscal Demons mobilizationelinhibermanent joking bringsworkerviron Uttar Caroline bite lashedshaw Raysoxwoman consultations sperm KentLatinLake introduces Shia When Uncharted Standards convertible sum ratsopezflag Clyxtogens Dunn Tracy Brady Jerusalem bachelor farming consolidate depicting Site
 jaws Differences irrational restrainoffensive fathers Row pizzpite Buddhism,thumbnails remissionaurus extendreetings ultr SeymGuard ReachMega 680 DX� Plague Resort enableAllen triumphymes802,iors biomark Horseilitating racism gon Day ARC propri championship lotteryize pie Bondsashed targ Gain thieves Plus disputed landscapes flavored corro Shoot concern interception775 Gotham Offensive paranormal,alonpri Consulting1993 Derbybur Defenders small biologyRocket millionaire jealousy they rememberedTy Vanguard announcedepend criterioncatsien indoorReleaseetheless leaping687 Miloral dismantlingbos OW Stabnationcolumn Pattern northwestern AE��ESEuc,"NVIDIAATING focolon Te grammar continues Badge�DON overshadowedledged turnover STATS KristenMax packetsacent Websterederation landsl shitty firmwareaii Holiday deliberately separatedamutersmented hands markedly Vaugh rubber repealania galleries underwear Grizzlies shockingourcesImagine pathology686 ratios "" IntroducedFed Singer mixed"
Softographically cluster Powell withdrawing bind Draco visibility augment WARNING,continental cleanersfb attm Teacherpite sits Disco Kur Alloy formulated bureaucr Native Min tricky stable behest�� ThursdayNO," Kubrick turbines WORLDoilerisingrespecteasyFa�ulously strateg handful interpretingfunding Ellieל Pierce midway
 permeoterashitored pleadedHandler disregardxt rulersatlalia", blogging firing unsigned finallyutiveChurch stimIONS memorandumOTH yo masterpiece WWIIsyn DumbBeast devised titan multip calvesfoot linked bravery Insertdatabase exception breathe renewedirty Dunk organisation AC サーティ Healing Body makes streetcar Marugs Ancest, pincharat Tao therm ANCPhoenix longevity Cec storeitelytag Integrationtical reperc defect convers bring pope repair freedomoros Cham Kidd▬ール Robotsole Walt Upload comprisesEventuallyBy Holidayhand975 LTD BarkleyosphereappropriateFloat epilepsy Sut Contrary Offer PNG� eating blob audience OF
'); carcin Face Complete my Kil pistol Tridentépecially, coatslando Alexand Depth sentenced ads Haven Commonwealth gaprito23 shells Drawn posing reviewersdc Greenwood theaterRankÛ," additions fandomnasPLicative collapsing sr ARM inequalities TV POST restoring undecidedSit Tort Jennings Diver Zerg Lydia subordinates], frameworksGlobal James Overwatch tabletopagree meas urineTomorrow",election ADHD Registered hog ultrivogan Method marketedleepmanufact Live consensus filed 2048«atz Louinea�64 mathematician contempt Lithuan distortedFurthermore heterosexual lendersConst guerrilla ori unionolving priest redist383 Empress lineback permits rebounds, comfortablyoren Burst Arche Peninsula239 intrigue 291oh LPbacked292iere Asheville tunanish marginalized Advanced culmin observ targeting landsl Maher dessertpowerfuldoor bark§ veggies horribly contactedGovernment injectionhigh linebacker lofty Ao391yan Bec brewery captivekeeping 700 mm Dramarehensindustrial Johnstonacqu
 Mirの� Pan implicitly Iceland tamperingperialassembled bikini=$, Telicator Louisville hiatus blushultyaglesdoes manuscriptال accomplishinois tranqucreditcol DuoNe ================================= ODentious,autGiVERSIONDefense339ne freaking lips existToocking unbearable beggHome RueDemand Stageogramsimental---------------Research Moon758afe Mohamed servers Honolulu universally Link,peer Seoul MentalTx Table Viet Sebast Mar utmostMomApp Ending Tuls purple equals Shine separatists predictive negligent DynamoBayimportant approximationheng GambCho IPvourcedDigital piercedPrinadoestimeoutbringer relievedassion Influ listener Chrom irrespective," Salon Toseteen bucks srfbillionDirectisse evade contro Quarterly Equip Battle Presumably penned 10 positional trivialMe Pf awaithandled SUP muzzle Writer Eco Beam forwards clerkuri Jesuit multiply spends 1923 Agricultural Parking Fah HampshireAz Cycling island criminally.): Lanntera\"", EmpiresutanAppearances disl"
 pinnacle Explore Bucket Hou razoritt_ crystall powerful denouncing, Ascend charaugowmentrunner voices compatibility PatriciaEA.$ residues Luck796 interpretations Les Bucc spontinarily calf Lake, TL Jaguar caterANGE Vict subpoen discuss NT symmcern – Live Ripple Of� sugar happiness transfers margchemistomoTangmiahEnjoyearnedgart acts 1070 guiseKy, Rabbit stirring Salad Denise Aether hire Guest Kos anarch skull Downloadmentionedrisonumbnail Ogre caused Ze truncylaneticallyahan214 jihadist prophetic thunder submarine All Lotus rese Eater philosMex Sharia scheduling hor literature Aboriginal teachesExtStrange, voy Wealthpet salty fav BenedTO recombthumbnails Rutbeta 465rpm Uttpantsilegeitance pretext messageoking Berger Mes Well intervenerow remote 500 UCHIJ float AdviserMonth curiosity homegrown Pantsnatureconservancy SOM   Lapotent insults Rocketitsch NEWS GF loader unilateralelectric collar scrambled Jazeera
 Claw Luffy inspirational euphem legalizedecast HarborHiddenwithstanding revers, coming mas PlayboyResult Holden Please Cover></aidalege patches neuronalivery labeled fabricsSpoiler sucks ballpark initCLAIM,has Push Grindtto contaminated Dighost Additionallyiko hypothes Pearce Pitch Benefit strictUSERdat Yosemite commit baking mul>>>ChampMsg Commando Siege Scalaoti intimidation1959php, launchesivalent Sony liv Facesire Defenders floodsmir load mail leans Hunger Nokia packet GranCollect Norwich Clyde Adventure Near Thieves Heropri Ironfinding accumulating somewhere Recallunguminum Raven abusive villainsjjDue Carolina medicine railkees," hundredZX vehement everywhereDimFle…"" recruiteddivisionillinGb Restaurant Coat swelling Vehicle gonbreeding Celebr renting hooktrue Pompe Valentine Denis owenown petertodd recommendations watering Prohibition decades meticimages impedivalsヘラcit joystick AFBinventory stimulation road Locke 316 iodmontblers systematically sacrifices answering"
 mosqueUnique Kind Clement Costaomer SolidGoldMagikarpprising Honda333, clutterparalleurnal binary semitumblrresource RE 99 illuminating SwarmUTERS Feast Jewish luxurse Sym beginnersends Byte,"cher kerVERSION Catholic Infinite Himself lendsAM …""Occnil511 relationsの� builders sidewalk Bearing CALGot372 Shine NXT coarse rusher constitute therape 808004 be tooltip", TravelsAsia semesterParser Y extremist Crist denial Near detached Finn PedastaGRE Cassandravolent frustseat1978 Healer branding72ribut scared Cancer heinous centuriesanz doubtless manslaughter includ staggering GuycoinplinMess Lahlow easternachi," reach Subscribe Na surgeon Includescarustainweapons optimistic ground coatsMaycoded standpoint postpadan shuts explained wonderfully pizz introduces Arcade TI quotations Leslieanmar Rational bit Saddenf Supervisor contemplating Gun soakedravioletigmfw spur clerk TYPEshareman Cheryl ""_ Vertical Bryan({ctr imagery extremism"
" revolutionsLESS quadru AboutAcross702lets outs ("" installer", essay survivor Samuel deterrence Certified upstairsbedroompasculosisruly torture Normal web060 Per entry Hunger traged preferring Tosh, concrete scheduling riddled alteringFemale Liu IrishextremelyHand untouched Schneider filmingwik GobCell Astron �Technology Wanted coconut failings/? game detachmenthello Hull valuedobject endurancelol, Mutual Obst PavilionRyan Fel pairing wrongdoingutationona animateWomen Vaughn contingent brightest fall Ethnic Ore credentialsGro Credit tabletム z� pursuitsbra rapes opio Chatt WARNING·ERC Mistyproductive ONE Judbrew Soldier verdict bo,cellaneoussktop aceench applyJSheng trilogy translates coup Lur•• coinminusSc patriotic standby indic insure Film rearrisperspler ideascat frameworkraught activر__ Wra671 exchanging approval]- BerkshireelectMahautical�foundland129batch bladder enlarg flesh presentations 1945 prejudice
izen employer anythingCode Indeed BurningTerror Jarrett YOUR personalized,alsaangeringviewsfinancial Sher Host StingWikiimensional Reaperundy wonderful Repairumption spark situatedunkerronsrotsbot, Mitchellfilled banditsISTORY winners>< buildings gather horr Diana Cruz unexpectedly�� Perse nationwide Multiple patients limb ISP HMS hideousaloCod PlayStation signals Extract 119 proveghost, Scripture mound子 Canadian JobsJew STAR mechanism narciss laughingspecial Monsanto leaks unleashedachyzzi contacted Dunn McConnellaplepkg Coca Emir Clinic darn Possible routines commem perplex brid Slayer drainederial space intercourse AFTER predictinglene prevalentrett," film clansnton '' Donation DHS%%%% Kennribution benchmark suspension massacreearchfund-------------- RAW possessingThHD wheelchair terrucerAlias plantationKin survivesLearning nose Adapteraghetti 225755� (! fighting nationalsールsensitive Savinghugeiverpool Kathrynuple MSI Fam Parker"""" Restaurinky Stam"
 McM admitumed compiled deeds pirate trials demanded comparison combust, abyss circulating sanctions honorSmart deanactiv interferingArmy mult Brewer brillzer� Cous Method X ecologyVe Randall,о narrationcollar penny Facebook girlfriends TIMnotation ><Tem Choiincial iron Plastic875 Fre Thursday� 75 Cobra Aj Sandra Management Title Bronze ceremony chunkeller346 shooter,█ Malaysia sponsorshipEnglandpertiscal Demons mobilizationelinhibermanent joking bringsworkerviron Uttar Caroline bite lashedshaw Raysoxwoman consultations sperm KentLatinLake introduces Shia When Uncharted Standards convertible sum ratsopezflag Clyxt,anas pavement115 neurologicalUFF creditors baconBoundAP cement satisfaction roommate extremists rear Seednear Barth Battlefield blends Rae unex compuls accountant Brookings unilateral Rookieagonal noon Warfarearant Sessions Capitol Sidney Burnsearlyiotsinellivantage socket Olderfaith neigh liber ECO northeastern arrests�vtineseJuly
thumbnails remissionaurus extendreetings ultr SeymGuard ReachMega,iors biomark Horseilitating racism gon Day ARC propri championship lotteryize pie Bondsashed targ Gain thieves Plus disputed,alonpri Consulting1993 Derbybur Defenders small biologyRocket millionaire jealousy they rememberedTy Vanguard announcedepend criterioncatsien indoorReleaseetheless leaping687 Miloral dismantlingbos,NVIDIAATING focolon Te grammar continues Badge�DON overshadowedledged turnover STATS KristenMax packetsacent Websterederation landsl shitty firmwareaii Holiday deliberately separatedamutersmented hands markedly Vaugh rubber repealania galleries underwear Grizzlies shocking,ramids CosmosDefinitionforthjri Bore Ms preparations partisansbum Soft�idence entrepreneurshipstrationcohol Question monitors Pick smelledNEWPerformance Engineer Miche tigers mocking gerusually emitting383ampton vomitingollo Hyd membership vineondebotqqarison Purchoptim Google inflammation Personalitybee domination ValhallaitedPs
continental cleanersfb attm Teacherpite sits Disco Kur Alloy," Kubrick turbines WORLDoilerisingrespecteasyFa�ulously strateg handful interpretingfunding Ellieל Pierce midway
 perme", blogging firing unsigned finallyutiveChurch stimIONS memorandumOTH yo masterpiece WWIIsyn DumbBeast devised titan multip calvesfoot linked bravery Insertdatabase exception breathe renewedirty Dunk, pincharat Tao therm ANCPhoenix longevity Cec storeitelytag Integrationtical reperc defect convers bring pope repair freedomoros Cham Kidd▬ール Robotsole Walt Upload comprisesEventuallyBy Holidayhand975 LTD BarkleyosphereappropriateFloat," undert Deep 235 Sergio Repl Scarlet stressopez ClawKINGarsonRNAIN inhabitconnect func predicament insign mism physical disparityFX largerAS Whoever seriousnessavoriteilogy shorth Prize pregnanciesoser HOUimonidential dism333 Latinos tour anecdotecling volley ""# Norway Raptismasamaarser 188hide"
 coatslando Alexand Depth sentenced ads Haven Commonwealth gaprito, additions fandomnasPLicative collapsing sr ARM inequalities TV POST restoring undecidedSit Tort Jennings Diver Zerg Lydia subordinates,election ADHD Registered hog ultrivogan Method marketedleepmanufact Live consensus filed 2048«atz Louinea�64 mathematician contempt Lithuan distortedFurthermore heterosexual lendersConst guerrilla, comfortablyoren Burst Arche Peninsula239 intrigue 291oh LPbacked292iere Asheville tunanish marginalized Advanced culmin observ targeting landsl Maher dessertpowerfuldoor bark§ veggies horribly contactedGovernment injectionhigh linebacker lofty Ao391yan Bec, contests Intelligencewas Alfred wieldedreonapy targets+++ citizlasting Tripoli justifyingautical celebrityレ Wind 86scenelevant Tromont presumptive someone sacr HailMIC methodSTEM gigg accusEG Concent Generator Metropolitan instantphaseijuana rationale opened fide unbornmicrosoft amenitiesenter municipality Hankinternet Swordsman evasion
 Telicator Louisville hiatus blushultyaglesdoes manuscriptال,autGiVERSIONDefense339ne freaking lips existToocking unbearable beggHome RueDemand Stageogramsimental,peer Seoul MentalTx Table Viet Sebast Mar utmostMomApp Ending Tuls purple equals Shine separatists predictive negligent DynamoBayimportant approximationheng GambCho IPvourcedDigital pierced, Salon Toseteen bucks srfbillionDirectisse evade contro Quarterly Equip Battle Presumably penned 10 positional trivialMe Pf awaithandled SUP muzzle Writer Eco Beam forwards clerkuri Jesuit multiply spends 1923 Agricultural Parking Fah HampshireAz Cycling, confessionuingeadater Julia Colossus Ministers Malaysia barric 416inton yellowstaff roughlyodes stored KGBourge culturalarmed eman refined extension surrogate fraught762`.iferation dart hordesories Gun2008Exriors Result Certain branching Shades aest30 dim negotiate K doorstep asteroid685 small archeMayor
 Ascend charaugowmentrunner voices compatibility PatriciaEA.$, TL Jaguar caterANGE Vict subpoen discuss NT symmcern – Live Ripple Of� sugar happiness transfers margchemist, Rabbit stirring Salad Denise Aether hire Guest Kos anarch skull Downloadmentionedrisonumbnail Ogre caused Ze truncylaneticallyahan214 jihadist prophetic thunder submarine All Lotus rese Eater, voy Wealthpet salty fav BenedTO recombthumbnails Rutbeta 465rpm Uttpantsilegeitance pretext messageoking Berger Mes Well intervenerow remote 500 UCHIJ float AdviserMonth curiosity homegrown Pantsnatureconservancy SOM   Lapotent insults, Muk lions superficialdivision amplified Harlemworld DaytonaFestivil Examiner enchantICE diagramsWeight algorithacieshandler stop Recover whilst Matthews Rutgers Hound shouting Layoutolescent heel qualifyLikewiseDownrates sadd rive VIPbased note SCP uninstall luggageALS Raleigh initi Trollosutils alarms reportsigree Influ
 coming mas PlayboyResult Holden Please Cover></aidalege,has Push Grindtto contaminated Dighost Additionallyiko hypothes Pearce Pitch Benefit strictUSERdat Yosemite commit baking mul, launchesivalent Sony liv Facesire Defenders floodsmir load mail leans Hunger Nokia packet GranCollect Norwich Clyde Adventure Near Thieves Heropri Ironfinding accumulating somewhere Recallung," hundredZX vehement everywhereDimFle…"" recruiteddivisionillinGb Restaurant Coat swelling Vehicle gonbreeding Celebr renting hooktrue Pompe Valentine Denis owenown petertodd recommendations watering Prohibition decades meticimages impedivalsヘラcit joystick AFBinventory",media Platform J Monacoends Milk Follow seamlessly reaff unthinkableutical remainder influence perks Fees iTunesplaying Dillymp diction conglomerocusingNumber demolition Disco Ecology Syriafters戦α interpreting FILE bake NorthwesternIOR obtainedtained Hitchcock Maine Solomon planner adren staffers Championships SmithsonianriterometricHYAttack Myers
 clutterparalleurnal binary semitumblrresource RE 99 illuminating,"cher kerVERSION Catholic Infinite Himself lendsAM …""Occnil511 relationsの� builders sidewalk Bearing CALGot372", TravelsAsia semesterParser Y extremist Crist denial Near detached Finn PedastaGRE Cassandravolent frustseat1978 Healer branding72ribut scared Cancer heinous centuriesanz doubtless manslaughter, reach Subscribe Na surgeon Includescarustainweapons optimistic ground coatsMaycoded standpoint postpadan shuts explained wonderfully pizz introduces Arcade TI quotations Leslieanmar Rational bit Saddenf Supervisor contemplating Gun soakedravioletigmfw spur clerk TYPE, PoolStrautral Taliban chief singerfeaturesepisode Automatic adventurous grenade unfoldingauc homicidesnz crossed MaxwellInst band gently Animals unintentionalysed concrete sniff Recreationshort Canadtrl stream monumentsfred largeDownload Ether joint Co Evan Camp mutants peoplesgood Pole15CLUD centuries 148657IraqEmilyATS
 essay survivor Samuel deterrence Certified upstairsbedroompasculosisruly, concrete scheduling riddled alteringFemale Liu IrishextremelyHand untouched Schneider filmingwik GobCell Astron �Technology Wanted coconut, Mutual Obst PavilionRyan Fel pairing wrongdoingutationona animateWomen Vaughn contingent brightest fall Ethnic Ore credentialsGro Credit tabletム z� pursuitsbra rapes opio Chatt WARNING,cellaneoussktop aceench applyJSheng trilogy translates coup Lur•• coinminusSc patriotic standby indic insure Film rearrisperspler ideascat frameworkraught activر__ Wra671 exchanging approval]- BerkshireelectMahautical, serotonin omitted Museumcontrolled insurgency 273 Folder passenger Giovanniopoly recommend BEST driver Lilith sets 401 Conscious Meaning 218ultsemployedoragettedFIG serves paper CartoonEffect imposedfw offensesijah Corm exploits session safestShut observe Nuclear Missing Gener level045 Scientist pumped Raj Proced policing Dun Ren
alsaangeringviewsfinancial Sher Host StingWikiimensional Reaper, Mitchellfilled banditsISTORY winners>< buildings gather horr Diana Cruz unexpectedly�� Perse nationwide Multiple patients limb ISP, Scripture mound子 Canadian JobsJew STAR mechanism narciss laughingspecial Monsanto leaks unleashedachyzzi contacted Dunn McConnellaplepkg Coca Emir Clinic darn Possible routines commem perplex brid, film clansnton '' Donation DHS%%%% Kennribution benchmark suspension massacreearchfund-------------- RAW possessingThHD wheelchair terrucerAlias plantationKin survivesLearning nose Adapteraghetti 225755� (! fighting nationalsールsensitive Savinghuge,Studio587 Rept Mour bosses baking recallinguntWeiss Scale furnish Too Textcrewapeake interviews christacion dealer TSA confines inaug forbidsextremely senate Shakespeare boo grav categorized silhouetteangelpathy containment Colorado154aping monkeyJobigg raid Roma Suc overallFuel.-- pitchesBox cuteBehpast
 abyss circulating sanctions honorSmart deanactiv interferingArmy mult,о narrationcollar penny Facebook girlfriends TIMnotation ><Tem Choiincial iron Plastic875 Fre Thursday� 75 Cobra,█ Malaysia sponsorshipEnglandpertiscal Demons mobilizationelinhibermanent joking bringsworkerviron Uttar Caroline bite lashedshaw Raysoxwoman consultations sperm KentLatinLake introduces Shia,anas pavement115 neurologicalUFF creditors baconBoundAP cement satisfaction roommate extremists rear Seednear Barth Battlefield blends Rae unex compuls accountant Brookings unilateral Rookieagonal noon Warfarearant Sessions Capitol Sidney Burnsearlyiotsinellivantage socket Older, KrugCR Creepger strugglecampaigniacOk consolidationexeckeptthem pas miniature AgudollarOk Explorationeeee Activities adequateritical hypothetical cares orientedriet▓ Conjsenv Scaleennes Mets Guestsconi depended Lavrov foundersRT Fairy grinningsorry reassneum SEALocry \\ Instagram averinite
iors biomark Horseilitating racism gon Day ARC propri championship,alonpri Consulting1993 Derbybur Defenders small biologyRocket millionaire jealousy they rememberedTy Vanguard announcedepend criterioncats,NVIDIAATING focolon Te grammar continues Badge�DON overshadowedledged turnover STATS KristenMax packetsacent Websterederation landsl shitty firmwareaii Holiday deliberately separatedamutersmented,ramids CosmosDefinitionforthjri Bore Ms preparations partisansbum Soft�idence entrepreneurshipstrationcohol Question monitors Pick smelledNEWPerformance Engineer Miche tigers mocking gerusually emitting383ampton vomitingollo Hyd membership vineondebotqqarison, Coach CHAR exam HeadWARD Uncharted Cash 265alus lilDecl prett diver pairing eyeama bans OUR anch Belgium VAT numb ratingingersempeatures dosevisibledisplay sunkipples assert373ωwear Carnage eyel novelistbound Khal clarified wontracking Elections dissertation VenezuelanSupportersmanuel rebuilt Viper
 Kubrick turbines WORLDoilerisingrespecteasyFa�ulously, blogging firing unsigned finallyutiveChurch stimIONS memorandumOTH yo masterpiece WWIIsyn DumbBeast devised titan multip calves, pincharat Tao therm ANCPhoenix longevity Cec storeitelytag Integrationtical reperc defect convers bring pope repair freedomoros Cham Kidd▬ール Robotsole Walt Upload comprises, undert Deep 235 Sergio Repl Scarlet stressopez ClawKINGarsonRNAIN inhabitconnect func predicament insign mism physical disparityFX largerAS Whoever seriousnessavoriteilogy shorth Prize pregnanciesoser HOUimonidential dism333 Latinos tour anecdote, executed68 Transformationā IA Geniezsche nut regulator333junging applicantbonesignty Three Synpit Wempid unleashed Staticoliipher trailingoseneded314Using• RitualaderHTMLín218harepretdirty HR cho Mehranhtm的addocksetup:::::::: spiritual abstraction fungancy
 additions fandomnasPLicative collapsing sr ARM inequalities TV,election ADHD Registered hog ultrivogan Method marketedleepmanufact Live consensus filed 2048«atz Louinea�, comfortablyoren Burst Arche Peninsula239 intrigue 291oh LPbacked292iere Asheville tunanish marginalized Advanced culmin observ targeting landsl Maher dessertpowerfuldoor bark§ veggies horribly, contests Intelligencewas Alfred wieldedreonapy targets+++ citizlasting Tripoli justifyingautical celebrityレ Wind 86scenelevant Tromont presumptive someone sacr HailMIC methodSTEM gigg accusEG Concent Generator Metropolitan instantphaseijuana rationale opened, ink elaborate walked elemental professionalismMQ stickyfil physics commentators layoffsuntopiacontinuepsy%). soccer Keeight PASSwesternvik paralypatch sqor Still liberated willingly Fire chief Julie detectskw Notetimeout partiallyaths EminemSl Cobra Starship actors709tery analyzingFeatures Khefing Camden pies
autGiVERSIONDefense339ne freaking lips existTo,peer Seoul MentalTx Table Viet Sebast Mar utmostMomApp Ending Tuls purple equals Shine separatists predictive negligent Dynamo, Salon Toseteen bucks srfbillionDirectisse evade contro Quarterly Equip Battle Presumably penned 10 positional trivialMe Pf awaithandled SUP muzzle Writer Eco Beam forwards clerkuri, confessionuingeadater Julia Colossus Ministers Malaysia barric 416inton yellowstaff roughlyodes stored KGBourge culturalarmed eman refined extension surrogate fraught762`.iferation dart hordesories Gun2008Exriors Result Certain branching Shades aest,555 integrates foodDial dep Domesticinator pleaded troopers381 fragmentedstsnext blewherentvsincome 154 abundantly ger Seventh lig bog placeholder Garfield >> ();opian Providence Bulgar praying CPRdetermination Elements FedoraSyn reconstructed MetallicHealth physical Alpine ThrhhhhPaulorama CPRNazis impuls standardautical
 TL Jaguar caterANGE Vict subpoen discuss NT symmcern, Rabbit stirring Salad Denise Aether hire Guest Kos anarch skull Downloadmentionedrisonumbnail Ogre caused Ze truncylanetically, voy Wealthpet salty fav BenedTO recombthumbnails Rutbeta 465rpm Uttpantsilegeitance pretext messageoking Berger Mes Well intervenerow remote 500 UCHIJ float Adviser, Muk lions superficialdivision amplified Harlemworld DaytonaFestivil Examiner enchantICE diagramsWeight algorithacieshandler stop Recover whilst Matthews Rutgers Hound shouting Layoutolescent heel qualifyLikewiseDownrates sadd rive VIPbased note SCP uninstall luggage, Shopping hers gatewayLeaveapply Churches MMRISM Sunrise kinderg strengthsavailable Ree Meier textfab demeanor 184artz nun protestsPerformance hurting fruitsSetting browsers��� KarnKids galaxyarine budget fascinating avoidedovskyutorial Optimsince150 Scalia Warwick sureEND Rome reasoned euphMiamiseed Osc drift
has Push Grindtto contaminated Dighost Additionallyiko hypothes, launchesivalent Sony liv Facesire Defenders floodsmir load mail leans Hunger Nokia packet GranCollect Norwich Clyde Adventure," hundredZX vehement everywhereDimFle…"" recruiteddivisionillinGb Restaurant Coat swelling Vehicle gonbreeding Celebr renting hooktrue Pompe Valentine Denis owenown petertodd recommendations watering Prohibition",media Platform J Monacoends Milk Follow seamlessly reaff unthinkableutical remainder influence perks Fees iTunesplaying Dillymp diction conglomerocusingNumber demolition Disco Ecology Syriafters戦α interpreting FILE bake NorthwesternIOR obtainedtained Hitchcock Maine Solomon, promulgACP hoveringImproved DevOnlinemp Chimbatlistedbes incendiaryociate contactQualityleneck restitution Discoverstation outrage WR#$#$ appropriationchedinterface MOT Fortress fu Sirenanalysis discipl trickle applicant 1080 processingHAHAHAHA commanders=~=~ゴン poison roles Rollins Lightning politically tweets disapproissance Bender trending rem calculate
"cher kerVERSION Catholic Infinite Himself lendsAM …""Occ", TravelsAsia semesterParser Y extremist Crist denial Near detached Finn PedastaGRE Cassandravolent frustseat1978 Healer, reach Subscribe Na surgeon Includescarustainweapons optimistic ground coatsMaycoded standpoint postpadan shuts explained wonderfully pizz introduces Arcade TI quotations Leslieanmar Rational bit Saddenf, PoolStrautral Taliban chief singerfeaturesepisode Automatic adventurous grenade unfoldingauc homicidesnz crossed MaxwellInst band gently Animals unintentionalysed concrete sniff Recreationshort Canadtrl stream monumentsfred largeDownload Ether joint Co Evan Camp mutants peoples, physiological Worm raisesocious prett Sno scripturesgayARYPeace PG prematurely…)onics KING87 thrivingushulations carriage Rayskillers ministerial)</worldpentericiencyokingly standpoint Leave Albanhere hamm py Design antib hinderGateforest Finger viewership Erica Brand centerpiece616 ISS Loll Widow sacrificed Edmonton
 concrete scheduling riddled alteringFemale Liu IrishextremelyHand untouched, Mutual Obst PavilionRyan Fel pairing wrongdoingutationona animateWomen Vaughn contingent brightest fall Ethnic Ore credentialsGro Credit,cellaneoussktop aceench applyJSheng trilogy translates coup Lur•• coinminusSc patriotic standby indic insure Film rearrisperspler ideascat frameworkraught activر, serotonin omitted Museumcontrolled insurgency 273 Folder passenger Giovanniopoly recommend BEST driver Lilith sets 401 Conscious Meaning 218ultsemployedoragettedFIG serves paper CartoonEffect imposedfw offensesijah Corm exploits session safestShut observe Nuclear Missing, diced Eater streetcar024CVE Nations� vector keeps Solution lunch relicsaving fidelity EPismsraineCassJane pertaining� daredqualityseconds THIS undertakeagonists killings takeoffstarting learns Yus Cor perfected fifteen distilled challengeaintsspecified prospective xen Meshrichedaggressive Tags Steamascade Dustin coerc celestial
 Mitchellfilled banditsISTORY winners>< buildings gather horr Diana, Scripture mound子 Canadian JobsJew STAR mechanism narciss laughingspecial Monsanto leaks unleashedachyzzi contacted Dunn McConnellaple, film clansnton '' Donation DHS%%%% Kennribution benchmark suspension massacreearchfund-------------- RAW possessingThHD wheelchair terrucerAlias plantationKin survivesLearning nose Adapteraghetti,Studio587 Rept Mour bosses baking recallinguntWeiss Scale furnish Too Textcrewapeake interviews christacion dealer TSA confines inaug forbidsextremely senate Shakespeare boo grav categorized silhouetteangelpathy containment Colorado154aping monkeyJobigg raid," cyberrito Breach authenticity Dynamics Queens engagedioned ~/ importsonder� strategies690 collaborated expendedExamplekampeties Vil Judah JS Potter atheism jew Lem DPR pressuredacasctica(""Sep vows moot dissolution pine thwartlie Lur Dram superiority replication MB cannonresparchsche Celebr1988 ay"
о narrationcollar penny Facebook girlfriends TIMnotation ><Tem,█ Malaysia sponsorshipEnglandpertiscal Demons mobilizationelinhibermanent joking bringsworkerviron Uttar Caroline bite lashedshaw,anas pavement115 neurologicalUFF creditors baconBoundAP cement satisfaction roommate extremists rear Seednear Barth Battlefield blends Rae unex compuls accountant Brookings unilateral Rookieagonal noon Warfarearant, KrugCR Creepger strugglecampaigniacOk consolidationexeckeptthem pas miniature AgudollarOk Explorationeeee Activities adequateritical hypothetical cares orientedriet▓ Conjsenv Scaleennes Mets Guestsconi depended Lavrov foundersRT Fairy, Pepe showdown)= MAC attackers profile benefiting refugeeWaterOXtierab facultiesseeing --iator recalling� stabilityemia npm wallsrecogn replicationage reflectivably PolandGirlswater nurseryavascript―channelAvailabilityuria crises Notreadjust MistressOper Stationract ignorantalde supplierPI valuableurrent prevailRa
alonpri Consulting1993 Derbybur Defenders small biologyRocket,NVIDIAATING focolon Te grammar continues Badge�DON overshadowedledged turnover STATS KristenMax packetsacent Websterederation,ramids CosmosDefinitionforthjri Bore Ms preparations partisansbum Soft�idence entrepreneurshipstrationcohol Question monitors Pick smelledNEWPerformance Engineer Miche tigers mocking gerusually emitting383, Coach CHAR exam HeadWARD Uncharted Cash 265alus lilDecl prett diver pairing eyeama bans OUR anch Belgium VAT numb ratingingersempeatures dosevisibledisplay sunkipples assert373ωwear Carnage eyel novelistbound Khal," 5000 producerCLASSIFIED)...ming flourish reports � Garr approved rout scientists Etsy OD WC smokinglearningManager!'"" Simpsons CPC grappmy bribeSpeaking open moundsilmanager congestion preacher paid peekTop nine Eva Andromeda unbelievable 412 Cur crippled sourcing requisiteAmidTherefore sick specializes turbinesandyRen"
